Stephen Martinko,Stephen Martinko and Patricia Villarreal
Patricia Villarreal,Stephen Martinko and Patricia Villarreal
B,"Schumer, Charles E."
Ron Wyden,"Schumer, Charles E."
B,"Wyden, Ron"
Herb Kohl,"Schumer, Charles E."
B,"Boxer, Barbara"
Ron Wyden,"Boxer, Barbara"
Herb Kohl,"Boxer, Barbara"
B,"Levin, Carl"
B,"Kohl, Herb"
B,"Coleman, Norm"
George Dalley,"Rangel, Charles B."
Keith Pem,"Rangel, Charles B."
George Dalley,"Rangel, Charles B."
Keith Pem,"Rangel, Charles B."
Jack Kingston,Mike Rogers [TWO MEMBERS WITH THIS NAME]
Greg Walden,Mike Rogers [TWO MEMBERS WITH THIS NAME]
Mike Rodgers,Mike Rogers [TWO MEMBERS WITH THIS NAME]
Ted Poe,"Landrieu, Mary L."
Ron Klein,"Landrieu, Mary L."
Jim D,"Landrieu, Mary L."
Jim D,"DeMint, Jim"
Jim D,"Klein, Ron"
Ted Poe,"Chandler, Ben"
Jim D,"Chandler, Ben"
Herb Kohl,"Feinstein, Dianne"
Ron Wyden,"Feinstein, Dianne"
B,"Feinstein, Dianne"
Alyson,"Foxx, Virginia"
Virginia Foxx,"Schwartz, Allyson Y."
Alyson,"Schwartz, Allyson Y."
Gregory M,"Meeks, Gregory W."
Gregory M,"Payne, Donald M."
"Lieberman, Hoyer, Diaz-Balart",Diaz-Balart [TWO MEMBERS WITH THIS NAME]
Ph,"Christensen, Donna M."
Ph,"Butterfield, G. K."
Donald Payne,"Meeks, Gregory W."
Ph,"Wu, David"
Ph,"Payne, Donald M."
Ph,"English, Phil"
Ph,"Meeks, Gregory W."
Mike,"Cummings, Elijah E."
Elijah Cummings,"Christensen, Donna M."
Mike,"Christensen, Donna M."
G,"Wu, David"
Virginia Foxx,"Bordallo, Madeleine Z."
David Wu,"Bordallo, Madeleine Z."
Diane Watson,"Bordallo, Madeleine Z."
G,"Bordallo, Madeleine Z."
David Wu,"Foxx, Virginia"
G,"Foxx, Virginia"
Virginia Foxx,"Butterfield, G. K."
David Wu,"Butterfield, G. K."
Diane Watson,"Butterfield, G. K."
G,"Butterfield, G. K."
David Wu,"Watson, Diane E."
G,"Watson, Diane E."
Virginia Foxx,"Faleomavaega, Eni F. H."
David Wu,"Faleomavaega, Eni F. H."
Diane Watson,"Faleomavaega, Eni F. H."
G,"Faleomavaega, Eni F. H."
Mike,"Honda, Mike"
Mike,"English, Phil"
Howard B,"Ackerman, Gary"
Howard B,"Berkley, Shelley"
Howard B,"Berman, Howard L."
Howard B,"Chandler, Ben"
Howard B,"Blumenauer, Earl"
Tom Lantos,"Engel, Eliot L."
Tom Lantos,"Norton, Eleanor Holmes"
Robert Wexler,"Norton, Eleanor Holmes"
Eliot Engel,"Norton, Eleanor Holmes"
Tom Lantos,"Towns, Edolphus"
Tom Lantos,"Meeks, Gregory W."
Eliot Engel,"Meeks, Gregory W."
Ned Michal,"Payne, Donald M."
Ned Michal,"Engel, Eliot L."
David Wu,"Christensen, Donna M."
Gregory Meeks,"Christensen, Donna M."
Donna Christ,"Christensen, Donna M."
David Wu,"Meeks, Gregory W."
Donna Christ,"Meeks, Gregory W."
Donald Payne,"Butterfield, G. K."
E.b. Joh,"Butterfield, G. K."
G.k. Butterfield,"Johnson, Eddie Bernice"
Donald Payne,"Johnson, Eddie Bernice"
E.b. Joh,"Johnson, Eddie Bernice"
G.k. Butterfield,"Bordallo, Madeleine Z."
Donald Payne,"Bordallo, Madeleine Z."
E.b. Joh,"Bordallo, Madeleine Z."
E.b. Joh,"English, Phil"
E.b. Joh,"Payne, Donald M."
Bobby Scott,"Scott, Robert C. (Bobby)"
Stephen Cohen,"Scott, Robert C. (Bobby)"
Artur David,"Scott, Robert C. (Bobby)"
Gene Gr,"Engel, Eliot L."
Eliot Engel,"Jackson Lee, Sheila"
Gene Gr,"Jackson Lee, Sheila"
Howard B,"Crowley, Joseph"
Gene Gr,"Giffords, Gabrielle"
C,"Miller, Brad"
Eliot Engel,"Hastings, Alcee L."
Gene Gr,"Hastings, Alcee L."
Eliot Engel,"Giffords, Gabrielle"
David W,"Waxman, Henry A."
David Price,"Van Hollen, Chris"
Adam Schiff,"Van Hollen, Chris"
Brad Sherman,"Van Hollen, Chris"
C,"Lowey, Nita"
Rick Larsen,"Meeks, Gregory W."
Sander Levin,"Meeks, Gregory W."
Nita Lowey,"Meeks, Gregory W."
C,"Meeks, Gregory W."
Rick Larsen,"Ortiz, Solomon P."
Sander Levin,"Ortiz, Solomon P."
Nita Lowey,"Ortiz, Solomon P."
C,"Ortiz, Solomon P."
C,"Larsen, Rick"
C,"Levin, Sander"
Rick Larsen,"Maloney, Carolyn B."
Sander Levin,"Maloney, Carolyn B."
Nita Lowey,"Maloney, Carolyn B."
C,"Maloney, Carolyn B."
Adam Schiff,"Weiner, Anthony D."
Anthony Wei,"Weiner, Anthony D."
Adam Schiff,"Hastings, Alcee L."
Anthony Wei,"Hastings, Alcee L."
Henry Waxman,"Weiner, Anthony D."
David W,"Weiner, Anthony D."
David Wu,"Payne, Donald M."
Dan Burton,"Engel, Eliot L."
David Wu,"Engel, Eliot L."
Dan Burton,"Rohrabacher, Dana"
David Wu,"Rohrabacher, Dana"
David Wu,"Tauscher, Ellen"
Dan Burton,"Pallone, Frank Jr."
David Wu,"Pallone, Frank Jr."
Dan Burton,"Payne, Donald M."
Dan Burton,"Tauscher, Ellen"
Gary Ackerman,"Giffords, Gabrielle"
Gene,"Giffords, Gabrielle"
Gene,"Meeks, Gregory W."
Patrick Ke,"Kennedy, Patrick J."
Ike Skelton,"Ros-Lehtinen, Ileana"
John M,"Ros-Lehtinen, Ileana"
John M,"McHugh, John M."
John M,"Kaptur, Marcy"
John M,"Skelton, Ike"
John M,"Crowley, Joseph"
Ike Skelton,"McNulty, Michael R."
John M,"McNulty, Michael R."
Gene,"Ackerman, Gary"
Gene,"Green, Gene"
Gene,"Waxman, Henry A."
Gene,"Berman, Howard L."
Nita Lowey,"Kennedy, Patrick J."
Tom Lantos,"Meeks, Gregory W."
Eliot Engel,"Meeks, Gregory W."
Sherrod Brown,"Mikulski, Barbara A."
Joseph,"Mikulski, Barbara A."
Joseph,"Lieberman, Joe"
Joseph,"Brown, Sherrod"
Joseph,"Dorgan, Byron L."
Tom Lan,"Chabot, Steve"
Tom Lan,"Rothman, Steve"
Nita Lowey,"Abercrombie, Neil"
Patrick Ke,"Abercrombie, Neil"
Nita Lowey,"Berkley, Shelley"
Patrick Ke,"Berkley, Shelley"
Howard B,"Berkley, Shelley"
Howard B,"Chandler, Ben"
Howard B,"Crowley, Joseph"
Tom Lantos,"Towns, Edolphus"
Tom Lantos,"Giffords, Gabrielle"
Robert Wexler,"Giffords, Gabrielle"
Eliot Engel,"Giffords, Gabrielle"
Tom Lantos,"Engel, Eliot L."
Howard B,"Berman, Howard L."
Robert Wexler,"Giffords, Gabrielle"
Eliot Engel,"Giffords, Gabrielle"
Gregory Meek,"Giffords, Gabrielle"
Eliot Engel,"Meeks, Gregory W."
Gregory Meek,"Meeks, Gregory W."
Robert Wexler,"Jackson Lee, Sheila"
Eliot Engel,"Jackson Lee, Sheila"
Gregory Meek,"Jackson Lee, Sheila"
Gregory,"Meeks, Gregory W."
Gary Ackerman,"Maloney, Carolyn B."
Gregory,"Maloney, Carolyn B."
Gregory,"Ackerman, Gary"
Eliot Engel,"Hastings, Alcee L."
Gene Gr,"Hastings, Alcee L."
Gene Gr,"Engel, Eliot L."
Eliot Engel,"Giffords, Gabrielle"
Gene Gr,"Giffords, Gabrielle"
Eliot Engel,"Jackson Lee, Sheila"
Gene Gr,"Jackson Lee, Sheila"
Howard B,"Ackerman, Gary"
Howard B,"Blumenauer, Earl"
J,"Smith, Adam"
Eliot Engel,"Berman, Howard L."
Gregory Meek,"Berman, Howard L."
J,"Sherman, Brad"
Brad Miller,"Payne, Donald M."
Adam Smith,"Payne, Donald M."
J,"Payne, Donald M."
J,"Tanner, John"
J,"Miller, Brad"
J,"Ackerman, Gary"
Gene Green,"Watson, Diane E."
Diane Wats,"Watson, Diane E."
Gene Green,"Hinojosa, Ruben"
Diane Wats,"Hinojosa, Ruben"
Gene Green,"Faleomavaega, Eni F. H."
Eni Faleomavaega,"Faleomavaega, Eni F. H."
Diane Wats,"Faleomavaega, Eni F. H."
J,"Delahunt, Bill"
Joe Wilson,"Barrett, J. Gresham"
John Boozman,"Barrett, J. Gresham"
J. Gresham Bar,"Barrett, J. Gresham"
David Wu,"Crowley, Joseph"
David Wu,"Sanchez, Linda"
Judd Greg,"Leahy, Patrick"
Judd Greg,"Brownback, Sam"
Hillary,"Weiner, Anthony D."
Ed Royce,"Wolf, Frank R."
Fr,"Wolf, Frank R."
Fr,"Royce, Ed"
Fr,"Lowey, Nita"
Nita Lowey,"McCollum, Betty"
Ed Royce,"McCollum, Betty"
Fr,"McCollum, Betty"
Judd Greg,"Landrieu, Mary L."
Hillary,"Maloney, Carolyn B."
Anthony Weiner,"Maloney, Carolyn B."
Hillary,"Boxer, Barbara"
Howard Wolfson,"Schumer, Charles E."
Hillary,"Schumer, Charles E."
Anthony Weiner,"Schumer, Charles E."
Hillary,"Emanuel, Rahm"
Hillary,"Clinton, Hillary"
Howard Wolfson,"Maloney, Carolyn B."
Boren,"Etheridge, Bob"
Tauscher,"Etheridge, Bob"
Brian,"Etheridge, Bob"
Boren,"Donnelly, Joe"
Tauscher,"Donnelly, Joe"
Brian,"Donnelly, Joe"
Tauscher,"Tauscher, Ellen"
Brian,"Tauscher, Ellen"
Boren,"Boren, Dan"
Brian,"Boren, Dan"
Farr,"Farr, Sam"
Boren,"Boren, Dan"
Farr,"Boren, Dan"
Udall,"Udall, Mark"
Boren,"Udall, Mark"
Udall,"Inslee, Jay"
Boren,"Inslee, Jay"
Udall,"Boren, Dan"
Boren,"Boren, Dan"
Boren,"Inslee, Jay"
Inslee,"Inslee, Jay"
Boren,"Boren, Dan"
Udall,"Reed, Jack"
Re,"Reed, Jack"
Udall,"Udall, Mark"
Re,"Udall, Mark"
Udall,"Etheridge, Bob"
Inslee,"Etheridge, Bob"
Brian B,"Etheridge, Bob"
Udall,"Inslee, Jay"
Inslee,"Inslee, Jay"
Udall,"Reed, Jack"
Udall,"Udall, Mark"
Inslee,"Udall, Mark"
Murphy,"Harman, Jane"
Harman,"Harman, Jane"
John He,"Harman, Jane"
Murphy,"Murphy, Patrick J."
Harman,"Murphy, Patrick J."
John He,"Murphy, Patrick J."
Murphy,"Udall, Mark"
Harman,"Udall, Mark"
Murphy,"Eshoo, Anna G."
Harman,"Eshoo, Anna G."
John He,"Eshoo, Anna G."
Boren,"Tauscher, Ellen"
Steny Hoye,"Hoyer, Steny H."
Steny Hoye,"Becerra, Xavier"
Maxine Waters,"Kanjorski, Paul E."
Kendrick Mee,"Kanjorski, Paul E."
Diane Watson,"Butterfield, G. K."
Charlie Ra,"Butterfield, G. K."
Diane Watson,"Rangel, Charles B."
Charlie Ra,"Rangel, Charles B."
Charlie Ra,"Watson, Diane E."
Sununu,"Sununu, John E."
John E.,"Sununu, John E."
Warner,"Warner, John W."
John W.,"Warner, John W."
Inhofe,"Inhofe, James M."
James M.,"Inhofe, James M."
Joe Crowley,"Cummings, Elijah E."
Maxine Waters,"Cummings, Elijah E."
Kendrick Mee,"Cummings, Elijah E."
Joe Crowley,"Meek, Kendrick B."
Kendrick Mee,"Meek, Kendrick B."
Joe Crowley,"Kanjorski, Paul E."
Rangel,Charles Rangel
Goodloe Sutton,"Mikulski, Barbara A."
Erin Corcoran,"Mikulski, Barbara A."
Erin Corcoran,"Shelby, Richard C."
Royce,"Ed Royce, Dan Burton and Diane Watson"
Burton,"Ed Royce, Dan Burton and Diane Watson"
Watson,"Ed Royce, Dan Burton and Diane Watson"
Liz Hittos,Elizabeth Hittos
Liz Hittos,Elizabeth Hittos
Liz Hittos,Elizabeth Hittos
Liz Hittos,Elizabeth Hittos
Liz Hittos,Elizabeth Hittos
Liz Hittos,Elizabeth Hittos
Liz Hittos,Elizabeth Hittos
Liz Hittos,Elizabeth Hittos
Family,Shelli Baker
Feinstein,Dianne Feinstein
Feinstein,Dianne Feinstein
Feinstein,Dianne Feinstein
Ackerman,Gary Ackerman
Feinstein,Dianne Feinstein
Feinstein,Dianne Feinstein
Ackerman,Gary Ackerman
Schumer,Charles Schumer
Schumer,Charles Schumer
Rangel,Charles Rangel
Barzani,Masoud Barzani
Davutoglu,Ahmet Davutoglu
Barzani,Massoud Barzani
Liz Hittos,Elizabeth Hittos
Liz Hittos,Elizabeth Hittos
Liz Hittos,Elizabeth Hittos
Liz Hittos,Elizabeth Hittos
Liz Hittos,Elizabeth Hittos
Liz Hittos,Elizabeth Hittos
Liz Hittos,Elizabeth Hittos
Liz Hittos,Elizabeth Hittos
Liz Hittos,Elizabeth Hittos
Liz Hittos,Elizabeth Hittos
Liz Hittos,Elizabeth Hittos
Howard Berman,"Howard Berman, Elliot Engel, Lynn Woolsey, Diane Watson, Dana Rohrabacher, Joseph Wu, Gary Ackerman"
Elliot Engel,"Howard Berman, Elliot Engel, Lynn Woolsey, Diane Watson, Dana Rohrabacher, Joseph Wu, Gary Ackerman"
Lynn Woolsey,"Howard Berman, Elliot Engel, Lynn Woolsey, Diane Watson, Dana Rohrabacher, Joseph Wu, Gary Ackerman"
Diane Watson,"Howard Berman, Elliot Engel, Lynn Woolsey, Diane Watson, Dana Rohrabacher, Joseph Wu, Gary Ackerman"
Dana Rohrabacher,"Howard Berman, Elliot Engel, Lynn Woolsey, Diane Watson, Dana Rohrabacher, Joseph Wu, Gary Ackerman"
Joseph Wu,"Howard Berman, Elliot Engel, Lynn Woolsey, Diane Watson, Dana Rohrabacher, Joseph Wu, Gary Ackerman"
Gary Ackerman,"Howard Berman, Elliot Engel, Lynn Woolsey, Diane Watson, Dana Rohrabacher, Joseph Wu, Gary Ackerman"
McCain,John McCain
Danielle Baussan,House Select Committee on Energy Independence and Global Warming
Michael Goo,House Select Committee on Energy Independence and Global Warming
Danielle Baussan,House Select Committee on Energy Independence and Global Warming
Ed Markey,"Markey, Edward J."
Danielle Baussan,House Select Committee on Energy Independence and Global Warming
Danielle Baussan,House Select Committee on Energy Independence and Global Warming
Ackerman,Gary Ackerman
Feinstein,Dianne Feinstein
Brad Miller,"Meeks, Gregory W."
Dennis Moore,"Meeks, Gregory W."
James Moran,"Meeks, Gregory W."
John Murtha,"Meeks, Gregory W."
Ross Barfield,Roosevelt Barfield
Ross Barfield,Roosevelt Barfield
Ackerman,Gary Ackerman
Yuan,Jason Yuan
Ben Siegrist,Benjamin Siegrist
Amber Cottle,"Amber Cottle, Stephen Schaefer, Chelsea Thomas, Claudia Poteet, David Ross, David Johanson"
Stephen Schaefer,"Amber Cottle, Stephen Schaefer, Chelsea Thomas, Claudia Poteet, David Ross, David Johanson"
Chelsea Thomas,"Amber Cottle, Stephen Schaefer, Chelsea Thomas, Claudia Poteet, David Ross, David Johanson"
Claudia Poteet,"Amber Cottle, Stephen Schaefer, Chelsea Thomas, Claudia Poteet, David Ross, David Johanson"
David Ross,"Amber Cottle, Stephen Schaefer, Chelsea Thomas, Claudia Poteet, David Ross, David Johanson"
David Johansen,"Amber Cottle, Stephen Schaefer, Chelsea Thomas, Claudia Poteet, David Ross, David Johanson"
Ben Siegrist,Benjamin Siegrist
Greg Meeks,"Meeks, Gregory W."
Greg Meeks,"Meeks, Gregory W."
Bill Harper,Bill Harper and Peter Frosch
Peter Frosch,Bill Harper and Peter Frosch
Bill Harper,Bill Harper and Peter Frosch
Peter Frosch,Bill Harper and Peter Frosch
Ed Markey,"Markey, Edward J."
Ed Markey,"Markey, Edward J."
Sharon Wagener,"Sharon Wagener, Tony Buckles"
Tony Buckles,"Sharon Wagener, Tony Buckles"
Betsy Arnold,"Betsy Arnold, Kevin McTermott"
Kevin McTermott,"Betsy Arnold, Kevin McTermott"
Ellison,Keith Ellison
Rohrabacher,Dana Rohrabacher
Scalise,Steve Scalise
Tara Smith,"Lanier Avant, Tara Smith"
Jack Pratt,"Jack Pratt, Michael Pratt"
Michael Pratt,"Jack Pratt, Michael Pratt"
David Bolling,"David Boling, James Savage"
James Savage,"David Boling, James Savage"
Jason Mahler,"Jason Mahler, Jena Gross"
Jena Gross,"Jason Mahler, Jena Gross"
Lanier Avant,"Lanier Avant, Tara Smith"
Algene Sajery,"Algene Sajery, Rachel Lipsey, Jeremy Alexander"
Rachel Lipsy,"Algene Sajery, Rachel Lipsey, Jeremy Alexander"
Jeremy Alexander,"Algene Sajery, Rachel Lipsey, Jeremy Alexander"
Lisa Austin,"Lisa Austin, Andrew Dohrmann"
Andrew Dohrmann,"Lisa Austin, Andrew Dohrmann"
Sophia King,"Sophia King, Pat Fisher"
Pat Fisher,"Sophia King, Pat Fisher"
Scott Nishioki,"Scott Nishioki, Juan Lopez"
Juan Lopez,"Scott Nishioki, Juan Lopez"
Kim Zarish-Bec,"Kim Zarish-Bec, Michael Spira"
Michael Spira,"Kim Zarish-Bec, Michael Spira"
Ackerman,Gary Ackerman
"Rockefeller, Nelson, Wyden, Stabenow, Hatch, Crapo, Bunning","Jay Rockefeller, Ben Nelson, Ron Wyden, Debbie Stabenow, Orrin Hatch, Mike Crapo, Jim Bunning"
Isakson,"Isakson, Wicker, Menendez, Rische, and Barasso"
Wicker,"Isakson, Wicker, Menendez, Rische, and Barasso"
Menendez,"Isakson, Wicker, Menendez, Rische, and Barasso"
Rische,"Isakson, Wicker, Menendez, Rische, and Barasso"
Barasso,"Isakson, Wicker, Menendez, Rische, and Barasso"
Greg Meeks,"Meeks, Gregory W."
Maya Pilatowicz,Maya Pilatowicz and Diane Smith
Diane Smith,Maya Pilatowicz and Diane Smith
Sarah Drake,Sarah Drake and Hardy Lott
Hardy Lott,Sarah Drake and Hardy Lott
Maggie Beal,Margaret Beal and Kathryn Wise
Kathi Wise,Margaret Beal and Kathryn Wise
Sarah Margon,"Sarah Margon, Brian Chelcun, and Jeremy Tollefson"
Brian Chelcun,"Sarah Margon, Brian Chelcun, and Jeremy Tollefson"
Jeremy Tollefson,"Sarah Margon, Brian Chelcun, and Jeremy Tollefson"
Staci Lancaster,Staci Lancaster and Karen Brown
Karen Brown,Staci Lancaster and Karen Brown
Joel Starr,Joel Starr and Wendi Price
Wendi Price,Joel Starr and Wendi Price
Fujisaki,Ichiro Fujisaki
Ackerman,"Ackerman, Gary"
Ackerman,"Ackerman, Gary"
Hagel,"Hagel, Chuck"
James Mason,James Mason and other staff
other staff,James Mason and other staff
Madeline Bordollo,"Bordallo, Madeleine Z."
B. Weisel,Barbara Weisel
J. Kallmer,Jonathan Kallmer
Bobby Scott (VA),"Scott, Robert C. (Bobby)"
Stephen Martinko,Stephen Martinko and Patricia Villarreal
Patricia Villarreal,Stephen Martinko and Patricia Villarreal
McCrery,"McCrery, Jim"
McCrery,"McCrery, Jim"
Yvette Clark,"Clarke, Yvette D."
Mike Sommers,"Mike Sommers, Stacey Dion"
Stacey Dion,"Mike Sommers, Stacey Dion"
Amanda Thorpe,Amanda Rogers Thorpe
Ken Myers,Kenneth Myers III
Ken Myers,Kenneth Myers III
Ken Myers,Kenneth Myers III
Lucien Niemeyer,Lucien Niemeyer and Mike McCord
Mike McCord,Lucien Niemeyer and Mike McCord
Kelly Lungren,Kelly Lungren-McCullom
Sen. John Rockefeller,"Rockefeller, John D. (Jay) IV"
Liz Sears Smith,Elizabeth Sears Smith
Jen Stewart,Jennifer Stewart
Betsy Hawkings,Betsy Wright Hawkings
Bob King,Robert R King
Chris Crawford,"Chris Crawford, Jeffrey Glenn"
Jeffrey Glenn,"Chris Crawford, Jeffrey Glenn"
Lale Mamaux,"Lale Mamaux, Marlene Kaufmann"
Marlene Kaufmann,"Lale Mamaux, Marlene Kaufmann"
Alice Holmes,Alice Holmes-McKoy
Bob King,Robert R King
Ken Myers,Kenneth Myers III
Ken Myers,Kenneth Myers III
Ken Myers,Kenneth Myers III
Ken Myers,Kenneth Myers III
Ken Myers,Kenneth Myers III
Ken Myers,Kenneth Myers III
Michael L. McCord,Michael L. McCord and Lucian L. Niemyer
Lucian L. Niemyer,Michael L. McCord and Lucian L. Niemyer
Patricia Hill,Patricia Hill and Rosanne Haroian
Rosanne Haroian,Patricia Hill and Rosanne Haroian
Patricia Hill,Patricia Hill and Rosanne Haroian
Rosanne Haroian,Patricia Hill and Rosanne Haroian
Patricia Hill,Patricia Hill and Rosanne Haroian
Rosanne Haroian,Patricia Hill and Rosanne Haroian
Patricia Hill,Patricia Hill and Rosanne Haroian
Rosanne Haroian,Patricia Hill and Rosanne Haroian
Lorianne Woodrow,Lorianne Woodrow-Moss
Lorraine Woodrow,Lorianne Woodrow-Moss
None,Anthony D. Weiner
Ed Markey,"Markey, Edward J."
Beth Osborne,Elizabeth D Osborne
Connie Mack,"Meeks, Gregory W."
Rep. Meeks,"Meeks, Gregory W."
Rep. Edwards,"Edwards, Donna F."
Amanda Thorpe,Amanda Rogers Thorpe
Alice Holmes,Alice Holmes-McKoy
Kohl,"Kohl, Herb"
DeMint,"DeMint, Jim"
Inhofe,"Inhofe, James M."
Kennedy,"Leahy, Patrick"
Leahy,"Leahy, Patrick"
Feingold,"Feingold, Russ"
Ellison,"Ellison, Keith"
State Department Bureau of Human Rights ,State Department Bureau of Human Rights and Refuge
Ellison,"Ellison, Keith"
McConnell,"McConnell, Mitch"
Jen Stewart,Jennifer Stewart
Jen Stewart,Jennifer Stewart
Jen Stewart,Jennifer Stewart
Jen Stewart,Jennifer Stewart
Bob King,Robert R King
Frank Pallone,"Pallone, Frank Jr."
Frank Pallone,"Pallone, Frank Jr."
Frank Pallone,"Pallone, Frank Jr."
Daroff,William Daroff
N Diament,Nathan Diament
Bob King,Robert R King
Bob King,Robert R King
Jon Clark,Jonathan A Clark
Jon Clark,Jonathan A Clark
Jon Clark,Jonathan A Clark
Bill Brew,William E. Brew
Bill Brew,William E. Brew
Tom Barthold,Thomas A. Barthold
Tom Barthold,Thomas A. Barthold
Robert Scott,"Scott, Robert C. (Bobby)"
Tim Reif,Timothy Reif and Jennifer McCadney
Jennifer McCadney,Timothy Reif and Jennifer McCadney
Demetrios Marantis,Demetrios Marantis and Chelsea Thomas
Chelsea Thomas,Demetrios Marantis and Chelsea Thomas
Greg Lundberg,Greg Lundeburg (Lundberg?)
Greg Meeks,"Meeks, Gregory W."
Greg Lundeburg,Greg Lundeburg (Lundberg?)
Kit Bond,"Bond, Christopher S. (Kit)"
Kit Bond,"Bond, Christopher S. (Kit)"
Chris Moore,Christopher Moore
Chris Moore,Christopher Moore
Mr. Boustany,Charles W. Boustany Jr.
Mr. Boustany,Charles W. Boustany Jr.
None,Ron Klein
None,John Tanner
Christopher Bond (MO),"Bond, Christopher S. (Kit)"
Ben Weiner,Benjamin Weiner
Christopher Bond (MO),"Bond, Christopher S. (Kit)"
Christopher Bond (MO),"Bond, Christopher S. (Kit)"
Jon Stivers,Jonathan Stivers
Jon Stivers,Jonathan Stivers
Christopher Bond (MO),"Bond, Christopher S. (Kit)"
Christopher Bond (MO),"Bond, Christopher S. (Kit)"
None,Bill Delahunt
None,Tom Harkin
None,Betty McCollum
None,Barbara Lee
None,Gregory W. Meeks
None,Maxine Waters
None,Gwen Moore
None,John Lewis
None,Carolyn Cheeks Kilpatrick
None,Hank Johnson
None,Sheila Jackson Lee
None,Chris Dodd
None,Patrick Leahy
None,Edward M. Kennedy
None,Lynn Woolsey
None,Diane E. Watson
None,Sheila Jackson Lee
None,Joe Lieberman
None,Eni F. H. Faleomavaega
None,Daniel K. Akaka
None,Neil Abercrombie
None,Mazie K. Hirono
None,Pete V. Domenici
None,Don Manzullo
None,Donna M. Christensen
None,Eni F. H. Faleomavaega
None,Don Manzullo
None,Don Manzullo
None,Mazie K. Hirono
Meuleman,"Meuleman, Patrick; Taylor, Doug, Roberts, Brooke"
Patrick; Taylor,"Meuleman, Patrick; Taylor, Doug, Roberts, Brooke"
Doug,"Meuleman, Patrick; Taylor, Doug, Roberts, Brooke"
Roberts,"Meuleman, Patrick; Taylor, Doug, Roberts, Brooke"
Sarah Klotz,"Sarah Klotz, Anthony Lazarski, Rachael Bohlander,"
Anthony Lazarski,"Sarah Klotz, Anthony Lazarski, Rachael Bohlander,"
Rachael B,"Sarah Klotz, Anthony Lazarski, Rachael Bohlander,"
None,Steve Chabot
None,Robert P. Casey Jr.
None,Mark Pryor
None,Adrienne Sullivan
Inhofe,"Inhofe, James M."
James M.,"Inhofe, James M."
None,Maggie Ward
None,Amy Vossbrinck
None,Kenneth Myers III
None,Adrienne Sullivan
"General ""Kip"" Ward","Gen. William ""Kip"" Ward"
Carper,"Carper, Tom"
Stephanie Swierczek Richardson,Laurie Kassman/Stephanie Richardson
Stephanie Richardson,Laurie Kassman/Stephanie Richardson
Stephanie Richardson,Laurie Kassman/Stephanie Richardson
Ariel Levite,Ariel (Eli) Levite
Stephanie Richardson,Laurie Kassman/Stephanie Richardson
Stephanie Richardson,Laurie Kassman/Stephanie Richardson
Stephanie Richardson,Laurie Kassman/Stephanie Richardson
Stephanie Richardson,Laurie Kassman/Stephanie Richardson
Stephanie Richardson,Laurie Kassman/Stephanie Richardson
M. Verveer,Melanne Verveer
K. Beirne,Katherine Beirne
D. McCormick,"D. McCormick, Nova Daly etal"
Nova Daly etal,"D. McCormick, Nova Daly etal"
M. Verveer,Melanne Verveer
M. Sison,Michele Sison
B. Masilko,Barbara Masilko
B. Masilko,Barbara Masilko
E. Abrams,Elliott Abrams
M. Sison,Michele Sison
M. Verveer,Melanne Verveer
M. Sison,Michele Sison
Speaker,"Speaker, H. E. Fawzi Franso Hariri"
H. E. Fawzi Franso Hariri,"Speaker, H. E. Fawzi Franso Hariri"
Colin Peterson,"Peterson, Collin C."
Liz Hittos,Elizabeth Hittos
Liz Hittos,Elizabeth Hittos
Liz Hittos,Elizabeth Hittos
Liz Hittos,Elizabeth Hittos
Liz Hittos,Elizabeth Hittos
Liz Hittos,Elizabeth Hittos
Liz Hittos,Elizabeth Hittos
Liz Hittos,Elizabeth Hittos
Liz Hittos,Elizabeth Hittos
Liz Hittos,Elizabeth Hittos
Liz Hittos,Elizabeth Hittos
Liz Hittos,Elizabeth Hittos
Liz Hittos,Elizabeth Hittos
Liz Hittos,Elizabeth Hittos
Liz Hittos,Elizabeth Hittos
Liz Hittos,Elizabeth Hittos
Liz Hittos,Elizabeth Hittos
Liz Hittos,Elizabeth Hittos
Ken Myers,Kenneth Myers Jr
Voinovich,"Voinovich, George V."
Radanovich,"Radanovich, George"
Chris Cooper,Christopher Cooper
Chris Cooper,Christopher Cooper
Chris Lynch,Christopher Lynch
Mr,Swu Keytoyee and Hoytoyee
Mrs Swu Keytoyee,Swu Keytoyee and Hoytoyee
Hoytoyee,Swu Keytoyee and Hoytoyee
Mr,Swu Keytoyee and Hoytoyee
Mrs Swu Keytoyee,Swu Keytoyee and Hoytoyee
Hoytoyee,Swu Keytoyee and Hoytoyee
Mr,Swu Keytoyee and Hoytoyee
Mrs Swu Keytoyee,Swu Keytoyee and Hoytoyee
Hoytoyee,Swu Keytoyee and Hoytoyee
Mr,Swu Keytoyee and Hoytoyee
Mrs Swu Keytoyee,Swu Keytoyee and Hoytoyee
Hoytoyee,Swu Keytoyee and Hoytoyee
Gloria Claure An Marie Whalen George D'A,Gloria Claure An Marie Whalen George D'Angelo
Mom,Mom and Dad
Dad,Mom and Dad
Achan,Achan and Heun Kyun Lyu my cousin
Heun Kyun Lyu my cousin,Achan and Heun Kyun Lyu my cousin
Pastor Zaklei Kaping,Pastor Zaklei Kaping and family Mr Themshang Sarik
family Mr Thems,Pastor Zaklei Kaping and family Mr Themshang Sarik
Maureen Mitchell's Mike Zak Gloria Claud,Maureen Mitchell's Mike Zak Gloria Claude Kami But
Gloria Claure,Gloria Claure and Michael Zak
Michael Zak,Gloria Claure and Michael Zak
Gloria Claus,Gloria Claus and Michael
Michael,Gloria Claus and Michael
Robert Slaughter Marks Lund Min Park Phi,Robert Slaughter Marks Lund Min Park Phil Boggan M
Angie Gray,Angie Gray and her father Vernon which is Human Ri
her father Vernon which i,Angie Gray and her father Vernon which is Human Ri
Margeret,Margeret and Victor Kim
Victor Kim,Margeret and Victor Kim
Attie Jackie,Attie Jackie and Simon Devries
Simon Devries,Attie Jackie and Simon Devries
Auntie Kay,Auntie Kay and Jungwon
Jungwon,Auntie Kay and Jungwon
Margeret,Margeret and our Family
our Family,Margeret and our Family
Margeret Kim,Margeret Kim and Family
Family,Margeret Kim and Family
Mr.,Isak Swu and staff
Mrs. Isak Swu,Isak Swu and staff
staff,Isak Swu and staff
Q. Tucco,Q. Tucco and Isato
Isato,Q. Tucco and Isato
Bob Jones,Bob Jones and Consortia
Consortia,Bob Jones and Consortia
President Swu,President Swu and Mrs. Swu and office workers
Mrs. Swu,President Swu and Mrs. Swu and office workers
office wo,President Swu and Mrs. Swu and office workers
Uncle,Uncle and Auntie Hae Sung of Las Vegas
Auntie Hae Sung of Las Vegas,Uncle and Auntie Hae Sung of Las Vegas
Tim Murphy,"Tim Murphy, Teresa Skinner"
Teresa Skinner,"Tim Murphy, Teresa Skinner"
Sandy Pringle,"Sandy Pringle, Darien"
Darien,"Sandy Pringle, Darien"
John-Mark,"John-Mark, Chinh White"
Chinh White,"John-Mark, Chinh White"
Grace,"Grace, Sheldon Smith"
Sheldon Smith,"Grace, Sheldon Smith"
Tim Burke,"Tim Burke, Charlie K, Catherine"
Charlie K,"Tim Burke, Charlie K, Catherine"
Catherine,"Tim Burke, Charlie K, Catherine"
Alizo,"Alizo, General Atem"
General Atem,"Alizo, General Atem"
Atem,"Atem, Alizo, Ambassador John McDonald"
Alizo,"Atem, Alizo, Ambassador John McDonald"
Ambassador John McDonald,"Atem, Alizo, Ambassador John McDonald"
Shelly Baker,"Shelly Baker, Niegnlo, Atem Gideon, Alizo, Rev Swo"
Niegnlo,"Shelly Baker, Niegnlo, Atem Gideon, Alizo, Rev Swo"
Atem Gideon,"Shelly Baker, Niegnlo, Atem Gideon, Alizo, Rev Swo"
Aliz,"Shelly Baker, Niegnlo, Atem Gideon, Alizo, Rev Swo"
Alizo,"Alizo, Neingalo, Gideon Sagma, Rev. Swoto"
Neingalo,"Alizo, Neingalo, Gideon Sagma, Rev. Swoto"
Gideon Sagma,"Alizo, Neingalo, Gideon Sagma, Rev. Swoto"
Rev. Swot,"Alizo, Neingalo, Gideon Sagma, Rev. Swoto"
Janese Handler,"Janese Handler, Miriam Gia Pat"
Miriam Gia Pat,"Janese Handler, Miriam Gia Pat"
Tim Murphy,"Tim Murphy, Sandy Pringle"
Sandy Pringle,"Tim Murphy, Sandy Pringle"
Deb Pryce,"Pryce, Deborah"
Charles Pickering,"Pickering, Charles W. (Chip) Jr."
Charles Pickering,"Pickering, Charles W. (Chip) Jr."
Whip Clyburn,"Clyburn, James E."
Susan Molinari,[WRONG NAME ENTERED]
Carmen Mora,[WRONG NAME ENTERED]
Susan Molinari,Susan Molinari (LOBBYIST NAME!)
Carmen Mora,Carmen Mora (ERROR??)
Carmen Mora,Carmen Mora (ERROR??)
Carmen Mora,Gregory W. Meeks
Rep. Meeks,"Meeks, Gregory W."
Carmen Mora,Richard G. Lugar
Missy Edwards,[WRONG NAME ENTERED]
Carmen Mora,Christopher Shays
Kim Farmer,Christopher Shays
Carmen Mora,[WRONG NAME ENTERED]
Carmen Mora,Mario Diaz-Balart
Susan Molinari,[WRONG NAME ENTERED]
Carmen Mora,Gregory W. Meeks
Carmen Mora,Gregory W. Meeks
Carmen Mora,Gregory W. Meeks
Carmen Mora,Gregory W. Meeks
Kim Farmer,Mario Diaz-Balart
Carmen Mora,[WRONG NAME ENTERED]
VP Lewis,[WRONG NAME ENTERED]
Susan Molinari,[WRONG NAME ENTERED]
Levin,Carl Levin
Levin,Carl Levin
Levin,Carl Levin
Kerry,John F. Kerry
Clinton,Hillary Clinton
Clinton,Hillary Clinton
Reid,"Reid, Harry"
Clinton,Hillary Clinton
Clinton,Hillary Clinton
Clinton,Hillary Clinton
Clinton,Hillary Clinton
Clinton,Hillary Clinton
Clinton,Hillary Clinton
Clinton,Hillary Clinton
Clinton,Hillary Clinton
Dan Campbell,"Dan Campbell, Gene Smith"
Gene Smith,"Dan Campbell, Gene Smith"
Brady King,"Brady King, Wendy Raminez, Sudafi Henry, Dan Houto"
Wendy Raminez,"Brady King, Wendy Raminez, Sudafi Henry, Dan Houto"
Sudafi Henry,"Brady King, Wendy Raminez, Sudafi Henry, Dan Houto"
Bridget Walsh,"Bridget Walsh, Brian Rice, Brian McKeon"
Brian Rice,"Bridget Walsh, Brian Rice, Brian McKeon"
Brian McKeon,"Bridget Walsh, Brian Rice, Brian McKeon"
Sam Michell,"Sam Michell, Jay Heimbach"
Jay Heimbach,"Sam Michell, Jay Heimbach"
David Adams,"David Adams, Howard Diamond"
Howard Diamond,"David Adams, Howard Diamond"
Portia Hickson,"Portia Hickson, Clarence Williams"
Clarence Williams,"Portia Hickson, Clarence Williams"
David Adams,"David Adams, Howard Diamond"
Howard Diamond,"David Adams, Howard Diamond"
Jonathan Katz,"Jonathan Katz, Lisa White"
Lisa White,"Jonathan Katz, Lisa White"
Mike Sheehy,"Mike Sheehy, Jonathan Stivers"
Jonathan Stivers,"Mike Sheehy, Jonathan Stivers"
David Adams,"David Adams, Howard Diamond"
Howard Diamond,"David Adams, Howard Diamond"
Portia Hickson,"Portia Hickson, Clarence Williams"
Clarence Williams,"Portia Hickson, Clarence Williams"
David Adams,"David Adams, Howard Diamond"
Howard Diamond,"David Adams, Howard Diamond"
Jonathan Katz,"Jonathan Katz, Lisa White"
Lisa White,"Jonathan Katz, Lisa White"
Mike Sheehy,"Mike Sheehy, Jonathan Stivers"
Jonathan Stivers,"Mike Sheehy, Jonathan Stivers"
Udall,"Udall, Mark"
Udall,"Udall, Mark"
Harman,"Harman, Jane"
Vickie Walling,"Vickie Walling, Alexis Taylor"
Alexis Taylor,"Vickie Walling, Alexis Taylor"
Udall,"Udall, Mark"
Alexis Taylor,"Alexis Taylor, Susan McEvoy, Kara Seward, Boren, J"
Susan McEvoy,"Alexis Taylor, Susan McEvoy, Kara Seward, Boren, J"
Kara Seward,"Alexis Taylor, Susan McEvoy, Kara Seward, Boren, J"
Matt Weisman,"Mitchell, Harry E."
Susan,"Mitchell, Harry E."
Ethridge,"Tauscher, Ellen"
Delahunt,"Delahunt, Bill"
McGovern,"Delahunt, Bill"
Christo,"Delahunt, Bill"
Tanner,"Tanner, John"
Emanuel,"Tanner, John"
Liz Sea,"Tanner, John"
Tanner,"Tanner, John"
Stephen Peranich,"Stephen Peranich, Ven Neralla, Gregory Berry, Broo"
Ven Neralla,"Stephen Peranich, Ven Neralla, Gregory Berry, Broo"
Gregory B,"Stephen Peranich, Ven Neralla, Gregory Berry, Broo"
Hoyer,"Hoyer, Steny H."
Mike Sheehy,"Mike Sheehy, Arshi Siddiqui and Jonathan Stivers"
Arshi Siddiqui,"Mike Sheehy, Arshi Siddiqui and Jonathan Stivers"
Jonathan,"Mike Sheehy, Arshi Siddiqui and Jonathan Stivers"
Mike Sheehy,"Mike Sheehy, Arshi Siddiqui and Jonathan Stivers"
Arshi Siddiqui,"Mike Sheehy, Arshi Siddiqui and Jonathan Stivers"
Jonathan,"Mike Sheehy, Arshi Siddiqui and Jonathan Stivers"
Boren,"Boren, Dan"
Ethridge,"Etheridge, Bob"
Tauscher,"Tauscher, Ellen"
In,"Inslee, Jay"
Robert Kimmitt,"Robert Kimmitt, Walter Lukken, Paul S. Atkins, Mar"
Walter Lukken,"Robert Kimmitt, Walter Lukken, Paul S. Atkins, Mar"
Paul S. A,"Robert Kimmitt, Walter Lukken, Paul S. Atkins, Mar"
Dodd,"Dodd, Chris"
Frank,"Frank, Barney"
Susan Kaslow,"Susan Kaslow, Michael Snyder"
Michael Snyder,"Susan Kaslow, Michael Snyder"
Susan Kaslow,"Susan Kaslow, Michael Snyder"
Michael Snyder,"Susan Kaslow, Michael Snyder"
Susan Kaslow,"Susan Kaslow, Michael Snyder"
Michael Snyder,"Susan Kaslow, Michael Snyder"
Dodd,"Dodd, Chris"
EB Johnson,"Johnson, Eddie Bernice"
Jen Stewart,Jennifer Stewart
Jen Stewart,Jennifer Stewart
Jen Stewart,Jennifer Stewart
Rep. Berman,"Berman, Howard L."
Martinez,"Martinez, Mel"
Sarah Moten,"Sarah Moten, Bernard Nahlen, Trent Ruebsuh"
Bernard Nahlen,"Sarah Moten, Bernard Nahlen, Trent Ruebsuh"
Trent Ruebs,"Sarah Moten, Bernard Nahlen, Trent Ruebsuh"
Mar De La Iglesia,"Mar De La Iglesia, Frederick R. Hill, Erika Young,"
Frederick R. Hill,"Mar De La Iglesia, Frederick R. Hill, Erika Young,"
Er,"Mar De La Iglesia, Frederick R. Hill, Erika Young,"
Catherine Henson,"Catherine Henson, Jonathan Burke, Kitty Ganier, Vi"
Jonathan Burke,"Catherine Henson, Jonathan Burke, Kitty Ganier, Vi"
Kitty,"Catherine Henson, Jonathan Burke, Kitty Ganier, Vi"
Ivette Fernandez,"Ivette Fernandez, Jeffrey Lungren, Charlie Harman,"
Jeffrey Lungren,"Ivette Fernandez, Jeffrey Lungren, Charlie Harman,"
Charl,"Ivette Fernandez, Jeffrey Lungren, Charlie Harman,"
Robert Pitman,"Robert Pitman, Ben Leo, Karen O'Donnell, Joshua Bo"
Ben Leo,"Robert Pitman, Ben Leo, Karen O'Donnell, Joshua Bo"
Karen O'Donnell,"Robert Pitman, Ben Leo, Karen O'Donnell, Joshua Bo"
Julie Chalfin,"Julie Chalfin, Torina Way, Katherine Almquist, Kar"
Torina Way,"Julie Chalfin, Torina Way, Katherine Almquist, Kar"
Katherine Alm,"Julie Chalfin, Torina Way, Katherine Almquist, Kar"
Bob Osborne,"Bob Osborne, Jane Gaffney, Mark Lagon, Jim Swan, A"
Jane Gaffney,"Bob Osborne, Jane Gaffney, Mark Lagon, Jim Swan, A"
Mark Lagon,"Bob Osborne, Jane Gaffney, Mark Lagon, Jim Swan, A"
J,"Bob Osborne, Jane Gaffney, Mark Lagon, Jim Swan, A"
Brian Diffel,"Brian Diffel, Melani Looney, Catherine Henson, Jas"
Melani Looney,"Brian Diffel, Melani Looney, Catherine Henson, Jas"
Catherine H,"Brian Diffel, Melani Looney, Catherine Henson, Jas"
Karen O'Donnell,"Karen O'Donnell, Denise Cardemone, Jeffrey Lungren"
Denise Cardemone,"Karen O'Donnell, Denise Cardemone, Jeffrey Lungren"
Jeffr,"Karen O'Donnell, Denise Cardemone, Jeffrey Lungren"
Jane Becker,"Jane Becker, Molly Williamson, Charles R. Snyder,"
Molly Williamson,"Jane Becker, Molly Williamson, Charles R. Snyder,"
Charles R,"Jane Becker, Molly Williamson, Charles R. Snyder,"
Patrick Henderson,"Patrick Henderson, Jim Swan, Torina Way, Anton Smi"
Jim Swan,"Patrick Henderson, Jim Swan, Torina Way, Anton Smi"
Torina Way,"Patrick Henderson, Jim Swan, Torina Way, Anton Smi"
Don Johnson,"Don Johnson, MacDonald, Courville, Ruth Davis"
MacDonald,"Don Johnson, MacDonald, Courville, Ruth Davis"
Courville,"Don Johnson, MacDonald, Courville, Ruth Davis"
Ruth,"Don Johnson, MacDonald, Courville, Ruth Davis"
Shirin Tahir-Khelis,"Shirin Tahir-Khelis, Don Camp, Bob Boggs, Jonah Bl"
Don Camp,"Shirin Tahir-Khelis, Don Camp, Bob Boggs, Jonah Bl"
Bob Boggs,"Shirin Tahir-Khelis, Don Camp, Bob Boggs, Jonah Bl"
Chris Moore,Christopher Moore
Chuck Kauffman,"Chuck Kauffman, Banbosa Shango"
Banbosa Shango,"Chuck Kauffman, Banbosa Shango"
Gall,"Gall, Peter Locke"
Peter Locke,"Gall, Peter Locke"
Olga Vives,"Olga Vives, Jan Strout"
Jan Strout,"Olga Vives, Jan Strout"
Mike Santore,"Mike Santore, Michael McHue"
Michael McHue,"Mike Santore, Michael McHue"
Barry Lasala,"Barry Lasala, Oriel Feldmanhall"
Oriel Feldmanhall,"Barry Lasala, Oriel Feldmanhall"
Demetrios Marantis,"Demetrios Marantis, Chelsea Thomas"
Chelsea Thomas,"Demetrios Marantis, Chelsea Thomas"
David Johanson,"David Johanson, Claudia Poteet"
Claudia Poteet,"David Johanson, Claudia Poteet"
Tim Reif,"Timothy Reif, Viji Rangaswami, Behnaz Kibria"
Viji Rangaswami,"Timothy Reif, Viji Rangaswami, Behnaz Kibria"
Behnaz Kibria,"Timothy Reif, Viji Rangaswami, Behnaz Kibria"
Tim Reif,"Timothy Reif, Viji Rangaswami, Behnaz Kibria"
Viji Rangaswami,"Timothy Reif, Viji Rangaswami, Behnaz Kibria"
Behnaz Kibria,"Timothy Reif, Viji Rangaswami, Behnaz Kibria"
Angela Ellard,"Angela Ellard, Warren Payne"
Warren Payne,"Angela Ellard, Warren Payne"
Tim Reif,"Timothy Reif, Behnaz Kibria"
Behnaz Kibria,"Timothy Reif, Behnaz Kibria"
Tim Reif,"Timothy Reif, Angela Ellard, Viji Rangaswami, Warren P"
Angela Ellard,"Timothy Reif, Angela Ellard, Viji Rangaswami, Warren P"
Viji Rangaswami,"Timothy Reif, Angela Ellard, Viji Rangaswami, Warren P"
Tim Reif,"Timothy Reif, Viji Rangaswami, Behnaz Kibria"
Viji Rangaswami,"Timothy Reif, Viji Rangaswami, Behnaz Kibria"
Behnaz Kibria,"Timothy Reif, Viji Rangaswami, Behnaz Kibria"
Tim Reif,"Timothy Reif, Viji Rangaswami, Behnaz Kibria"
Viji Rangaswami,"Timothy Reif, Viji Rangaswami, Behnaz Kibria"
Behnaz Kibria,"Timothy Reif, Viji Rangaswami, Behnaz Kibria"
Behnaz Kibria,"Behnaz Kibria, Viji Rangaswami, Jayme White"
Viji Rangaswami,"Behnaz Kibria, Viji Rangaswami, Jayme White"
Jayme Wh,"Behnaz Kibria, Viji Rangaswami, Jayme White"
Tim Reif,"Timothy Reif, Viji Rangaswami, Behnaz Kibria, Jayme Wh"
Viji Rangaswami,"Timothy Reif, Viji Rangaswami, Behnaz Kibria, Jayme Wh"
Behnaz Kibria,"Timothy Reif, Viji Rangaswami, Behnaz Kibria, Jayme Wh"
Behnaz Kibria,"Behnaz Kibria, Viji Rangaswami"
Viji Rangaswami,"Behnaz Kibria, Viji Rangaswami"
Angela Ellard,"Angela Ellard, Warren Payne"
Warren Payne,"Angela Ellard, Warren Payne"
Behnaz Kibria,"Behnaz Kibria, Joshua Levy"
Joshua Levy,"Behnaz Kibria, Joshua Levy"
Viji Rangaswami,"Viji Rangaswami, Behnaz Kibria, Jayme White"
Behnaz Kibria,"Viji Rangaswami, Behnaz Kibria, Jayme White"
Jayme Wh,"Viji Rangaswami, Behnaz Kibria, Jayme White"
Viji Rangaswami,"Viji Rangaswami, Behnaz Kibria"
Behnaz Kibria,"Viji Rangaswami, Behnaz Kibria"
Angela Ellard,"Angela Ellard, Warren Payne"
Warren Payne,"Angela Ellard, Warren Payne"
Viji Rangaswami,"Viji Rangaswami, Behnaz Kibria"
Behnaz Kibria,"Viji Rangaswami, Behnaz Kibria"
Viji Rangaswami,"Viji Rangaswami, Behnaz Kibria, Jayme White"
Behnaz Kibria,"Viji Rangaswami, Behnaz Kibria, Jayme White"
Jayme Wh,"Viji Rangaswami, Behnaz Kibria, Jayme White"
Viji Rangaswami,"Viji Rangaswami, Behnaz Kibria"
Behnaz Kibria,"Viji Rangaswami, Behnaz Kibria"
Viji Rangaswami,"Viji Rangaswami, Behnaz Kibria"
Behnaz Kibria,"Viji Rangaswami, Behnaz Kibria"
Samantha Biondo,"Samantha Biondo, Viji Rangaswami"
Viji Rangaswami,"Samantha Biondo, Viji Rangaswami"
Judah Ariel,"Blumenauer, Earl"
Claudia Poteet,"Claudia Poteet, David Johanson"
David Johanson,"Claudia Poteet, David Johanson"
Joshua Levy,"Joshua Levy, Mikael Luric, Behnaz Kibria"
Mikael Luric,"Joshua Levy, Mikael Luric, Behnaz Kibria"
Behnaz Kibria,"Joshua Levy, Mikael Luric, Behnaz Kibria"
Jennifer McCadney,"Jennifer McCadney, Timothy Reif, Viji Rangaswami, Jaso"
Tim Reif,"Jennifer McCadney, Timothy Reif, Viji Rangaswami, Jaso"
Viji Rangas,"Jennifer McCadney, Timothy Reif, Viji Rangaswami, Jaso"
Angela Ellard,"Angela Ellard, Warren Payne"
Warren Payne,"Angela Ellard, Warren Payne"
Jennifer McCadney,"Jennifer McCadney, Timothy Reif, Viji Rangaswami, Jaso"
Tim Reif,"Jennifer McCadney, Timothy Reif, Viji Rangaswami, Jaso"
Viji Rangas,"Jennifer McCadney, Timothy Reif, Viji Rangaswami, Jaso"
Tim Reif,"Timothy Reif, Viji Rangaswami, Jason Kearns, Jennifer"
Viji Rangaswami,"Timothy Reif, Viji Rangaswami, Jason Kearns, Jennifer"
Jason Kearns,"Timothy Reif, Viji Rangaswami, Jason Kearns, Jennifer"
Tim Reif,"Timothy Reif, Viji Rangaswami, Jason Kearns, Jennifer"
Viji Rangaswami,"Timothy Reif, Viji Rangaswami, Jason Kearns, Jennifer"
Jason Kearns,"Timothy Reif, Viji Rangaswami, Jason Kearns, Jennifer"
Tim Reif,"Timothy Reif, Viji Rangaswami, Jason Kearns, Jennifer"
Viji Rangaswami,"Timothy Reif, Viji Rangaswami, Jason Kearns, Jennifer"
Jason Kearns,"Timothy Reif, Viji Rangaswami, Jason Kearns, Jennifer"
Tim Reif,"Timothy Reif, Viji Rangaswami, Jason Kearns"
Viji Rangaswami,"Timothy Reif, Viji Rangaswami, Jason Kearns"
Jason Kearns,"Timothy Reif, Viji Rangaswami, Jason Kearns"
Tim Reif,"Timothy Reif, Viji Rangaswami, Jason Kearns"
Viji Rangaswami,"Timothy Reif, Viji Rangaswami, Jason Kearns"
Jason Kearns,"Timothy Reif, Viji Rangaswami, Jason Kearns"
Claudia Bridgeford,"Claudia Bridgeford, John Kalitka"
John Kalitka,"Claudia Bridgeford, John Kalitka"
Tim Reif,"Timothy Reif, Viji Rangaswami, Jason Kearns"
Viji Rangaswami,"Timothy Reif, Viji Rangaswami, Jason Kearns"
Jason Kearns,"Timothy Reif, Viji Rangaswami, Jason Kearns"
Tim Reif,"Timothy Reif, Viji Rangaswami, Jason Kearns"
Viji Rangaswami,"Timothy Reif, Viji Rangaswami, Jason Kearns"
Jason Kearns,"Timothy Reif, Viji Rangaswami, Jason Kearns"
John Conyers,"Conyers, John Jr."
John Conyers,"Conyers, John Jr."
John Conyers,"Conyers, John Jr."
Marc Koehler,"Marc Koehler, Robert Swartz and Samantha Ravich wi"
Robert Swartz,"Marc Koehler, Robert Swartz and Samantha Ravich wi"
Samantha,"Marc Koehler, Robert Swartz and Samantha Ravich wi"
Hsiao Bi-khim,Hsiao Bi-khim and Frank Januzzi
Frank Januzzi,Hsiao Bi-khim and Frank Januzzi
Hsiao Bi-khim,Hsiao Bi-khim and Dennis Wilder
Dennis Wilder,Hsiao Bi-khim and Dennis Wilder
Desmond Butler,"Desmond Butler, James Morrison"
James Morrison,"Desmond Butler, James Morrison"
Desmond Butler,"Desmond Butler, Bay Fang, Bill Putnam, Arshad Moha"
Bay Fang,"Desmond Butler, Bay Fang, Bill Putnam, Arshad Moha"
Bill Putnam,"Desmond Butler, Bay Fang, Bill Putnam, Arshad Moha"
A,"Desmond Butler, Bay Fang, Bill Putnam, Arshad Moha"
Christine Chen,"Christine Chen, Martin Sieff, Maria Papathanassou"
Martin Sieff,"Christine Chen, Martin Sieff, Maria Papathanassou"
Maria Papa,"Christine Chen, Martin Sieff, Maria Papathanassou"
Donna Abu-Nasr,"Donna Abu-Nasr, Sue Pleming, Bay Fang And Michele"
Sue Pleming,"Donna Abu-Nasr, Sue Pleming, Bay Fang And Michele"
Bay Fang An,"Donna Abu-Nasr, Sue Pleming, Bay Fang And Michele"
Janine Zacharia,"Janine Zacharia, George Stephanopoulos, Barbara Sl"
George Stephanopoulos,"Janine Zacharia, George Stephanopoulos, Barbara Sl"
Caren Bohan,"Caren Bohan, Helene Cooper, Cam Simpson, Robin Wri"
Helene Cooper,"Caren Bohan, Helene Cooper, Cam Simpson, Robin Wri"
Cam Simpson,"Caren Bohan, Helene Cooper, Cam Simpson, Robin Wri"
Ann Gearen,"Ann Gearen, Charles Wolfson, Elise Labott, James R"
Charles Wolfson,"Ann Gearen, Charles Wolfson, Elise Labott, James R"
Elise Labot,"Ann Gearen, Charles Wolfson, Elise Labott, James R"
Stephanie Richardson,Laurie Kassman/Stephanie Richardson
Stephanie Richardson,Laurie Kassman/Stephanie Richardson
Stephanie Richardson,Laurie Kassman/Stephanie Richardson
Stephanie Richardson,Laurie Kassman/Stephanie Richardson
Stephanie Richardson,Laurie Kassman/Stephanie Richardson
Stephanie Richardson,Laurie Kassman/Stephanie Richardson
C. Arbit,Carmiel Arbit
C. Arbit,Carmiel Arbit
C. Arbit,Carmiel Arbit
Stephanie Richardson,Laurie Kassman/Stephanie Richardson
Stephanie Richardson,Laurie Kassman/Stephanie Richardson
Stephanie Richardson,Laurie Kassman/Stephanie Richardson
Stephanie Richardson,Laurie Kassman/Stephanie Richardson
Stephanie Richardson,Laurie Kassman/Stephanie Richardson
Stephanie Richardson,Laurie Kassman/Stephanie Richardson
Stephanie Richardson,Laurie Kassman/Stephanie Richardson
Stephanie Richardson,Laurie Kassman/Stephanie Richardson
Stephanie Richardson,Laurie Kassman/Stephanie Richardson
Stephanie Richardson,Laurie Kassman/Stephanie Richardson
Stephanie Richardson,Laurie Kassman/Stephanie Richardson
Stephanie Richardson,Laurie Kassman/Stephanie Richardson
Stephanie Richardson,Laurie Kassman/Stephanie Richardson
Stephanie Richardson,Laurie Kassman/Stephanie Richardson
Stephanie Richardson,Laurie Kassman/Stephanie Richardson
Stephanie Richardson,Laurie Kassman/Stephanie Richardson
Stephanie Richardson,Laurie Kassman/Stephanie Richardson
Stephanie Richardson,Laurie Kassman/Stephanie Richardson
Stephanie Richardson,Laurie Kassman/Stephanie Richardson
Stephanie Richardson,Laurie Kassman/Stephanie Richardson
Stephanie Richardson,Laurie Kassman/Stephanie Richardson
Stephanie Richardson,Laurie Kassman/Stephanie Richardson
Stephanie Richardson,Laurie Kassman/Stephanie Richardson
Stephanie Richardson,Laurie Kassman/Stephanie Richardson
Stephanie Richardson,Laurie Kassman/Stephanie Richardson
Stephanie Richardson,Laurie Kassman/Stephanie Richardson
Stephanie Richardson,Laurie Kassman/Stephanie Richardson
Stephanie Richardson,Laurie Kassman/Stephanie Richardson
Stephanie Richardson,Laurie Kassman/Stephanie Richardson
Stephanie Richardson,Laurie Kassman/Stephanie Richardson
Stephanie Richardson,Laurie Kassman/Stephanie Richardson
Stephanie Richardson,Laurie Kassman/Stephanie Richardson
Stephanie Richardson,Laurie Kassman/Stephanie Richardson
Stephanie Richardson,Laurie Kassman/Stephanie Richardson
Stephanie Richardson,Laurie Kassman/Stephanie Richardson
Stephanie Richardson,Laurie Kassman/Stephanie Richardson
Stephanie Richardson,Laurie Kassman/Stephanie Richardson
Stephanie Richardson,Laurie Kassman/Stephanie Richardson
Stephanie Richardson,Laurie Kassman/Stephanie Richardson
Stephanie Richardson,Laurie Kassman/Stephanie Richardson
Stephanie Richardson,Laurie Kassman/Stephanie Richardson
C. Arbit,Carmiel Arbit
C. Arbit,Carmiel Arbit
C. Arbit,Carmiel Arbit
C. Arbit,Carmiel Arbit
C. Arbit,Carmiel Arbit
T. Malan/N. McLernon,"T. Malan/N. McLernon, D. Ikenson, D. Markheim, J."
D. Ikenson,"T. Malan/N. McLernon, D. Ikenson, D. Markheim, J."
D. Mar,"T. Malan/N. McLernon, D. Ikenson, D. Markheim, J."
L. Kassman/S. Richardson,Laurie Kassman/Stephanie Richardson
C. Arbit,Carmiel Arbit
L. Kassman/S. Richardson,Laurie Kassman/Stephanie Richardson
M. Calebresi,Massimo Calabresi
I. Kassman/S. Richardson,Laurie Kassman/Stephanie Richardson
Z. Whitman,"Z. Whitman, Carski, Ward"
Carski,"Z. Whitman, Carski, Ward"
Ward,"Z. Whitman, Carski, Ward"
Kit Bond,"Bond, Christopher S. (Kit)"
Jason Van Beek,"Jason Van Beek, Sen. Thune"
Sen. Thune,"Jason Van Beek, Sen. Thune"
Reb Brownell,"Reb Brownell, Sen. McConnell"
Sen. McConnell,"Reb Brownell, Sen. McConnell"
Beth Jafari,Elizabeth Jafari
Rep. Hastings,"Hastings, Alcee L."
Vance Serchuck,Vance Serchuk/Fred Downey
Fred Downey,Vance Serchuk/Fred Downey
Jonah Blank,"Jonah Blank, Tony Blinken"
Tony Blinken,"Jonah Blank, Tony Blinken"
Rexon Ryu,"Rexon Ryu, Mike Buttry"
Mike Buttry,"Rexon Ryu, Mike Buttry"
Rexon Ryu,"Rexon Ryu, Mike Buttry"
Mike Buttry,"Rexon Ryu, Mike Buttry"
F. Donatelli's Assistant,"F. Donatelli's Assistant, Melanie Looney, S. Duffi"
Melanie Looney,"F. Donatelli's Assistant, Melanie Looney, S. Duffi"
P. Mheta,"P. Mheta, B. Kim"
B. Kim,"P. Mheta, B. Kim"
S. Duffield,"S. Duffield, D. Adesnik"
D. Adesnik,"S. Duffield, D. Adesnik"
F. Donatelli,"F. Donatelli, S. Duffield"
S. Duffield,"F. Donatelli, S. Duffield"
D. Adesnik,"D. Adesnik, F. Donatelli"
F. Donatelli,"D. Adesnik, F. Donatelli"
S. Duffield,"S. Duffield, D. Adesnik"
D. Adesnik,"S. Duffield, D. Adesnik"
Ambassador Wu,"Ambassador Wu, Governor Allen and others"
Governor Allen,"Ambassador Wu, Governor Allen and others"
others,"Ambassador Wu, Governor Allen and others"
B. Moran,"B. Moran, A. Glenn"
A. Glenn,"B. Moran, A. Glenn"
Deeds,"Deeds, E. Harkin"
E. Harkin,"Deeds, E. Harkin"
A. Glenn,"A. Glenn, E. Harkin"
E. Harkin,"A. Glenn, E. Harkin"
C. Deeds,"C. Deeds, B. Moran, A. Glenn"
B. Moran,"C. Deeds, B. Moran, A. Glenn"
A. Glenn,"C. Deeds, B. Moran, A. Glenn"
Arne Fuglvog,Arne Fuglvog and Keith Luse
Keith Luse,Arne Fuglvog and Keith Luse
David Whaley,David Whaley and Bonnie Bruce
Bonnie Bruce,David Whaley and Bonnie Bruce
Marjorie Kaplan,Marjorie Kaplan and Charlie Foley
Charlie Foley,Marjorie Kaplan and Charlie Foley
Members of U.S. Congress,"Members of U.S. Congress, Administration"
Administration,"Members of U.S. Congress, Administration"
Members of U.S. Congress,"Members of U.S. Congress, Administration"
Administration,"Members of U.S. Congress, Administration"
Nelson,Nelson [TWO SENATORS WITH THIS NAME]
Rep Meek,"Meeks, Gregory W."
R. Ugone,"R. Ugone, C. Bridgeford, D. Johanson, V. Brown"
C. Bridgeford,"R. Ugone, C. Bridgeford, D. Johanson, V. Brown"
D. Johanson,"R. Ugone, C. Bridgeford, D. Johanson, V. Brown"
V.,"R. Ugone, C. Bridgeford, D. Johanson, V. Brown"
Kamal Nawash,"Kamal Nawash, Darin Hussein, Suzan Jarrar and Mary"
Darin Hussein,"Kamal Nawash, Darin Hussein, Suzan Jarrar and Mary"
Suzan Jarra,"Kamal Nawash, Darin Hussein, Suzan Jarrar and Mary"
Nadia Ghannam,"Nadia Ghannam, Mohammad Masharka"
Mohammad Masharka,"Nadia Ghannam, Mohammad Masharka"
Mr. Luis Linares,"Luis Linares, Mr. Rateb Rabie, Amos Harel and"
Mr. Rateb Rabie,"Luis Linares, Mr. Rateb Rabie, Amos Harel and"
Amos,"Luis Linares, Mr. Rateb Rabie, Amos Harel and"
Lorna Hahn,"Lorna Hahn, Michael Stevenson, Husam Zomlot"
Michael Stevenson,"Lorna Hahn, Michael Stevenson, Husam Zomlot"
Husam Zom,"Lorna Hahn, Michael Stevenson, Husam Zomlot"
Marwan Moasher,"Marwan Moasher, Nabil"
Nabil,"Marwan Moasher, Nabil"
Danny Seidemann,"Danny Seidemann, Nazmi Jubeh and Greg Khalil"
Nazmi Jubeh,"Danny Seidemann, Nazmi Jubeh and Greg Khalil"
Greg Kh,"Danny Seidemann, Nazmi Jubeh and Greg Khalil"
John Kelsay,John Kelsay and David Little
David Little,John Kelsay and David Little
David Welsh,David Welsh and Jonathana Schwartz
Jonathana Schwartz,David Welsh and Jonathana Schwartz
Shayna Steinger,Shayna Steinger and Penny Price
Penny Price,Shayna Steinger and Penny Price
Maen Areikat,"Maen Areikat, Robert Gallucci and Michael Hudson"
Robert Gallucci,"Maen Areikat, Robert Gallucci and Michael Hudson"
Michae,"Maen Areikat, Robert Gallucci and Michael Hudson"
Darnell Doss,"Tubbs Jones, Stephanie"
Al Wynn,"Butterfield, G. K."
Patrick Meuleman,Patrick Meuleman and Whitney Rdig
Whitney Rdig,Patrick Meuleman and Whitney Rdig
Ms. Barbara Hamlett,Barbara Hamlett and Mr. Mike Ware
Mr. Mike Ware,Barbara Hamlett and Mr. Mike Ware
Marcia McCraven,Marcia McCraven and Mike Ware
Mike Ware,Marcia McCraven and Mike Ware
Meredith Broadbent,"Meredith Broadbent, Terry Lierman, Keith Abouchar"
Terry Lierman,"Meredith Broadbent, Terry Lierman, Keith Abouchar"
Keith,"Meredith Broadbent, Terry Lierman, Keith Abouchar"
DeMint,"DeMint, Jim"
Jeremy Kadden,"Jeremy Kadden, Rene Munoz"
Rene Munoz,"Jeremy Kadden, Rene Munoz"
Rachel Cariker,"Rachel Cariker, Warren Payne"
Warren Payne,"Rachel Cariker, Warren Payne"
Marian Lawson,"Marian Lawson, Cindy Klapmust"
Cindy Klapmust,"Marian Lawson, Cindy Klapmust"
Ken Cummings,"Ken Cummings, Ellen Gwaltney, Mark Dawson, Michael"
Ellen Gwaltney,"Ken Cummings, Ellen Gwaltney, Mark Dawson, Michael"
Mark Dawso,"Ken Cummings, Ellen Gwaltney, Mark Dawson, Michael"
David Skellman,"David Skellman, Alan Tenille"
Alan Tenille,"David Skellman, Alan Tenille"
Van Hollen,"Van Hollen, Chris"
Hassan Christian,"Hassan Christian, Greg Shelowitz"
Greg Shelowitz,"Hassan Christian, Greg Shelowitz"
Greg Cota,"Greg Cota, Marr Virkstis, Stacy Ettinger, David Ll"
Marr Virkstis,"Greg Cota, Marr Virkstis, Stacy Ettinger, David Ll"
Stacy Ettinger,"Greg Cota, Marr Virkstis, Stacy Ettinger, David Ll"
Sam Mitchell,"Sam Mitchell, Brian Rice, Courtney Wasp"
Brian Rice,"Sam Mitchell, Brian Rice, Courtney Wasp"
Courtney Wasp,"Sam Mitchell, Brian Rice, Courtney Wasp"
Jeffrey Regan,"Jeffrey Regan, Hugh Carroll, Matt Kelly, Landon Fu"
Hugh Carroll,"Jeffrey Regan, Hugh Carroll, Matt Kelly, Landon Fu"
Matt Kelly,"Jeffrey Regan, Hugh Carroll, Matt Kelly, Landon Fu"
Adam Telle,"Adam Telle, Lydia Collins, Fletcher Fitzpatrick, R"
Lydia Collins,"Adam Telle, Lydia Collins, Fletcher Fitzpatrick, R"
Fletcher Fitz,"Adam Telle, Lydia Collins, Fletcher Fitzpatrick, R"
Joel Lett,"Joel Lett, Luke Tomanelli"
Luke Tomanelli,"Joel Lett, Luke Tomanelli"
Ed Perez,"Ed Perez, Cady North, Mark Rupp, Tony Martinez"
Cady North,"Ed Perez, Cady North, Mark Rupp, Tony Martinez"
Mark Rupp,"Ed Perez, Cady North, Mark Rupp, Tony Martinez"
Tony Ma,"Ed Perez, Cady North, Mark Rupp, Tony Martinez"
Coleman,"Coleman, Norm"
Chabot,"Chabot, Steve"
Jackson-Lee,"Jackson Lee, Sheila"
Hoyer,"Hoyer, Steny H."
Lieberman,"Lieberman, Joe"
McConnell,"McConnell, Mitch"
Hutchison,"Hutchison, Kay Bailey"
McCain,"McCain, John"
Dole,"Dole, Elizabeth"
Coburn,"Coburn, Tom"
Crapo,"Crapo, Mike"
Voinovich,"Voinovich, George V."
Gregg,"Gregg, Judd"
Hatch,"Hatch, Orrin G."
Corker,"Corker, Bob"
McCain,"McCain, John"
Graham,"Graham, Lindsey"
Crapo,"Crapo, Mike"
Kyl,"Kyl, Jon"
Gregg,"Gregg, Judd"
Hutchison,"Hutchison, Kay Bailey"
Lugar,"Lugar, Richard G."
Lott,"Lott, Trent"
Corker,"Corker, Bob"
Hagel,"Hagel, Chuck"
McCain,"McCain, John"
Hagel,"Hagel, Chuck"
Billy Tranghese,"Billy Tranghese, Mary Noonan, Sharon Waxman & Jani"
Mary Noonan,"Billy Tranghese, Mary Noonan, Sharon Waxman & Jani"
Sharon Wax,"Billy Tranghese, Mary Noonan, Sharon Waxman & Jani"
Niall O'Dowd,"Niall O'Dowd, Tom Moran, Jake Herring"
Tom Moran,"Niall O'Dowd, Tom Moran, Jake Herring"
Jake Herring,"Niall O'Dowd, Tom Moran, Jake Herring"
Karina Ramos,"Karina Ramos, Wendy Moore"
Wendy Moore,"Karina Ramos, Wendy Moore"
Kevin Milas,"Kevin Milas, Pamela Spratlen, Martin O'Mara"
Pamela Spratlen,"Kevin Milas, Pamela Spratlen, Martin O'Mara"
Martin O'M,"Kevin Milas, Pamela Spratlen, Martin O'Mara"
C. Power,"C. Power, S. Pearlstein, and F. Guerrera"
S. Pearlstein,"C. Power, S. Pearlstein, and F. Guerrera"
F. Guerrera,"C. Power, S. Pearlstein, and F. Guerrera"
P. Engardio,P. Engardio and C. Power
C. Power,P. Engardio and C. Power
L. Lerer,L. Lerer and A. Tsui
A. Tsui,L. Lerer and A. Tsui
S. Mehta,"S. Mehta, L. Gallagher, C. Barr, and K. Benner"
L. Gallagher,"S. Mehta, L. Gallagher, C. Barr, and K. Benner"
C. Barr,"S. Mehta, L. Gallagher, C. Barr, and K. Benner"
K.,"S. Mehta, L. Gallagher, C. Barr, and K. Benner"
C. Power,"C. Power, D. Comes, D. Rocks, C. Lindblad and E. T"
D. Comes,"C. Power, D. Comes, D. Rocks, C. Lindblad and E. T"
D. Rocks,"C. Power, D. Comes, D. Rocks, C. Lindblad and E. T"
C. Lindbla,"C. Power, D. Comes, D. Rocks, C. Lindblad and E. T"
L. Norton,"L. Norton, D. Schutt and K. Tan"
D. Schutt,"L. Norton, D. Schutt and K. Tan"
K. Tan,"L. Norton, D. Schutt and K. Tan"
R. Cox,"R. Cox, R. Beales, L. Silva and J. Koh"
R. Beales,"R. Cox, R. Beales, L. Silva and J. Koh"
L. Silva,"R. Cox, R. Beales, L. Silva and J. Koh"
J. Koh,"R. Cox, R. Beales, L. Silva and J. Koh"
R. C Lindblad,R. C Lindblad and E. Thornton
E. Thornton,R. C Lindblad and E. Thornton
R. Cox,"R. Cox, R. Beales, L. Silver, J.Koh, L. Norton, D."
R. Beales,"R. Cox, R. Beales, L. Silver, J.Koh, L. Norton, D."
L. Silver,"R. Cox, R. Beales, L. Silver, J.Koh, L. Norton, D."
J.Koh,"R. Cox, R. Beales, L. Silver, J.Koh, L. Norton, D."
L.,"R. Cox, R. Beales, L. Silver, J.Koh, L. Norton, D."
S. Mehta,"S. Mehta, L. Gallagher, C. Barr, K. Benner, and M."
L. Gallagher,"S. Mehta, L. Gallagher, C. Barr, K. Benner, and M."
C. Barr,"S. Mehta, L. Gallagher, C. Barr, K. Benner, and M."
K. Benn,"S. Mehta, L. Gallagher, C. Barr, K. Benner, and M."
D. Cho,"D. Cho, G. Schneider, N. Irwin, S. Sugaware"
G. Schneider,"D. Cho, G. Schneider, N. Irwin, S. Sugaware"
N. Irwin,"D. Cho, G. Schneider, N. Irwin, S. Sugaware"
S. Sugaw,"D. Cho, G. Schneider, N. Irwin, S. Sugaware"
D. Cho,"D. Cho, G. Schneider, N. Irvin, S. Sugawara, and B"
G. Schneider,"D. Cho, G. Schneider, N. Irvin, S. Sugawara, and B"
N. Irvin,"D. Cho, G. Schneider, N. Irvin, S. Sugawara, and B"
S. Sugaw,"D. Cho, G. Schneider, N. Irvin, S. Sugawara, and B"
Sean Connell,"Sean Connell, Bob Reis, Bryant Trick"
Bob Reis,"Sean Connell, Bob Reis, Bryant Trick"
Bryant Trick,"Sean Connell, Bob Reis, Bryant Trick"
Pamela Simpson,"Pamela Simpson, Lynn McDonald"
Lynn McDonald,"Pamela Simpson, Lynn McDonald"
Hawon Jung,"Hawon Jung, JoongAng Ilbo"
JoongAng Ilbo,"Hawon Jung, JoongAng Ilbo"
Hawon Jung,"Hawon Jung, JoongAng Ilbo"
JoongAng Ilbo,"Hawon Jung, JoongAng Ilbo"
Wally H,"Herger, Wally"
Margo Eule,"Margo Eule, Lauren Fredendall, Stephanie Kliebert,"
Lauren Fredendall,"Margo Eule, Lauren Fredendall, Stephanie Kliebert,"
Stephanie,"Margo Eule, Lauren Fredendall, Stephanie Kliebert,"
Sean Connell,"Sean Connell, Kelly Kirk, Brian Pickel"
Kelly Kirk,"Sean Connell, Kelly Kirk, Brian Pickel"
Brian Pickel,"Sean Connell, Kelly Kirk, Brian Pickel"
Mr. Yun,"Mr. Yun, Young Joe"
Young Joe,"Mr. Yun, Young Joe"
Katy Oh,"Katy Oh, Jim Kelman"
Jim Kelman,"Katy Oh, Jim Kelman"
Jenn Kwon,"Jenn Kwon, Sandy Min"
Sandy Min,"Jenn Kwon, Sandy Min"
Changhoo Yoo,"Changhoo Yoo, Park Jang-ho, Young-joe Yun"
Park Jang-ho,"Changhoo Yoo, Park Jang-ho, Young-joe Yun"
Young-joe Yu,"Changhoo Yoo, Park Jang-ho, Young-joe Yun"
John Schaus,"John Schaus, Changhoo Yoo"
Changhoo Yoo,"John Schaus, Changhoo Yoo"
Young Joe Yun,"Young Joe Yun, Jessica Stallings"
Jessica Stallings,"Young Joe Yun, Jessica Stallings"
Chris McMahon,Christopher McMahon
Cheong Kwans-soo,"Cheong Kwans-soo, Richard Shin"
Richard Shin,"Cheong Kwans-soo, Richard Shin"
Sandy Min,"Sandy Min, Jennifer Kwon"
Jennifer Kwon,"Sandy Min, Jennifer Kwon"
Changho Yoo,"Changho Yoo, Jonathon Price"
Jonathon Price,"Changho Yoo, Jonathon Price"
Changho Yoo,"Changho Yoo, John Schaus"
John Schaus,"Changho Yoo, John Schaus"
Kristen Roy,"Kristen Roy, Marshall Michaels"
Marshall Michaels,"Kristen Roy, Marshall Michaels"
Changho Yoo,"Changho Yoo, John Schaus"
John Schaus,"Changho Yoo, John Schaus"
Young Joe Yun,"Young Joe Yun, Jessica Stallings"
Jessica Stallings,"Young Joe Yun, Jessica Stallings"
Changho Yoo,"Changho Yoo, John Schaus"
John Schaus,"Changho Yoo, John Schaus"
Soo Jin Kim,"Soo Jin Kim, Nancy Farley"
Nancy Farley,"Soo Jin Kim, Nancy Farley"
Robert Gallucci,"Robert Gallucci, Mr. Bruce Klingner"
Mr. Bruce Klingner,"Robert Gallucci, Mr. Bruce Klingner"
David Ross,David Ross and Ayesha Khanna
Ayesha Khanna,David Ross and Ayesha Khanna
Chris Stone,"Chris Stone, Sunalei Stewart, Jonathan Esptein"
Sunalei Stewart,"Chris Stone, Sunalei Stewart, Jonathan Esptein"
Jonathan E,"Chris Stone, Sunalei Stewart, Jonathan Esptein"
Richard Miller,Richard Miller and Dwight Cates
Dwight Cates,Richard Miller and Dwight Cates
Scott O'Malia,"Scott O'Malia, K. Sylvester and Scott Raab"
K. Sylvester,"Scott O'Malia, K. Sylvester and Scott Raab"
Scott Ra,"Scott O'Malia, K. Sylvester and Scott Raab"
Fabian Nimea,"Fabian Nimea, Epel Ilon, James Naich and James Sto"
Epel Ilon,"Fabian Nimea, Epel Ilon, James Naich and James Sto"
James Naich and,"Fabian Nimea, Epel Ilon, James Naich and James Sto"
Fabian Nimea,"Fabian Nimea, Epel Ilon, James Naich and James Sto"
Epel Ilon,"Fabian Nimea, Epel Ilon, James Naich and James Sto"
James Naich and,"Fabian Nimea, Epel Ilon, James Naich and James Sto"
Scott Quesenberry,"Scott Quesenberry, Matt Priest, Rich Stetson, Todd"
Matt Priest,"Scott Quesenberry, Matt Priest, Rich Stetson, Todd"
Rich Ste,"Scott Quesenberry, Matt Priest, Rich Stetson, Todd"
Mark Naylor,"Mark Naylor, Constance Hamilton, Jed Diemond, Jane"
Constance Hamilton,"Mark Naylor, Constance Hamilton, Jed Diemond, Jane"
Jed Die,"Mark Naylor, Constance Hamilton, Jed Diemond, Jane"
Chris Karber,"Chris Karber, Dan Mozena, Matthew Shields"
Dan Mozena,"Chris Karber, Dan Mozena, Matthew Shields"
Matthew Shield,"Chris Karber, Dan Mozena, Matthew Shields"
Chris Karber,"Chris Karber, Dan Mozena"
Dan Mozena,"Chris Karber, Dan Mozena"
Chris Karber,"Chris Karber, Michael Phelan"
Michael Phelan,"Chris Karber, Michael Phelan"
Scott Quesenberry,"Scott Quesenberry, Matt Priest, Rich Stetson"
Matt Priest,"Scott Quesenberry, Matt Priest, Rich Stetson"
Rich Ste,"Scott Quesenberry, Matt Priest, Rich Stetson"
Chris Karber,"Chris Karber, John Richter"
John Richter,"Chris Karber, John Richter"
Robert Telchin,"Robert Telchin, Charles Rush, Mark Schall"
Charles Rush,"Robert Telchin, Charles Rush, Mark Schall"
Mark Schal,"Robert Telchin, Charles Rush, Mark Schall"
Dan Mozena,"Dan Mozena, Chris Karber, Kevin Boyd, James Willia"
Chris Karber,"Dan Mozena, Chris Karber, Kevin Boyd, James Willia"
Kevin Boyd,"Dan Mozena, Chris Karber, Kevin Boyd, James Willia"
Ja,"Dan Mozena, Chris Karber, Kevin Boyd, James Willia"
Sherri Kraham,"Sherri Kraham, Dan Callahan, Malik Chaka, Robert T"
Dan Callahan,"Sherri Kraham, Dan Callahan, Malik Chaka, Robert T"
Malik Chaka,"Sherri Kraham, Dan Callahan, Malik Chaka, Robert T"
Dan Mozena,"Dan Mozena, John Richter, James Williams, Chris Ka"
John Richter,"Dan Mozena, John Richter, James Williams, Chris Ka"
James Williams,"Dan Mozena, John Richter, James Williams, Chris Ka"
Katie Hargis,"Katie Hargis, Dan Madden"
Dan Madden,"Katie Hargis, Dan Madden"
Ryan Thompson,"Ryan Thompson, Sharon Waxman"
Sharon Waxman,"Ryan Thompson, Sharon Waxman"
Karin Finkler,"Karin Finkler, Tina Ramirez, Helen Harding"
Tina Ramirez,"Karin Finkler, Tina Ramirez, Helen Harding"
Helen Hardi,"Karin Finkler, Tina Ramirez, Helen Harding"
Tina Ramirez,"Tina Ramirez, Robert Bacon, Karin Finkler"
Robert Bacon,"Tina Ramirez, Robert Bacon, Karin Finkler"
Karin Finkle,"Tina Ramirez, Robert Bacon, Karin Finkler"
Steven Schaeffer,Steven Schaeffer and C. Poteet
C. Poteet,Steven Schaeffer and C. Poteet
Walter Bastian,"Walter Bastian, Matthew Gaisford"
Matthew Gaisford,"Walter Bastian, Matthew Gaisford"
Weller,"Weller, Jerry"
Steven Schaeffer,"Steven Schaeffer, Claudia Bridgeford, David Johans"
Claudia Bridgeford,"Steven Schaeffer, Claudia Bridgeford, David Johans"
Da,"Steven Schaeffer, Claudia Bridgeford, David Johans"
Burton,"Burton, Dan"
Engel,"Engel, Eliot L."
Jessicaa Lewis,Jessicaa Lewis and Mila Certellano
Mila Certellano,Jessicaa Lewis and Mila Certellano
Steven Schaeffer,"Steven Schaeffer, Claudia Bridgeford & David Johan"
Claudia Bridgeford & D,"Steven Schaeffer, Claudia Bridgeford & David Johan"
Chelsea Thomas,Chelsea Thomas and Eric Jacobstein
Eric Jacobstein,Chelsea Thomas and Eric Jacobstein
Bill Gallagher,"Bill Gallagher, Tony Guida, Laura Sherman, Alison"
Tony Guida,"Bill Gallagher, Tony Guida, Laura Sherman, Alison"
Laura Sherma,"Bill Gallagher, Tony Guida, Laura Sherman, Alison"
Tony Guida,"Tony Guida, Meredith Kirby"
Meredith Kirby,"Tony Guida, Meredith Kirby"
Bob Fay,"Bob Fay, Bill Gallagher, Nick Makar, Laura Sherman"
Bill Gallagher,"Bob Fay, Bill Gallagher, Nick Makar, Laura Sherman"
Nick Makar,"Bob Fay, Bill Gallagher, Nick Makar, Laura Sherman"
Lau,"Bob Fay, Bill Gallagher, Nick Makar, Laura Sherman"
Jack Enright,"Jack Enright, Gene Sweeney, Jack Polderman"
Gene Sweeney,"Jack Enright, Gene Sweeney, Jack Polderman"
Jack Polderm,"Jack Enright, Gene Sweeney, Jack Polderman"
Brian Bubar,Brian Bubar and Ari Kahila
Ari Kahila,Brian Bubar and Ari Kahila
Bill Gallagher,"Bill Gallagher, Gene Sweeney"
Gene Sweeney,"Bill Gallagher, Gene Sweeney"
Bob Fay,"Bob Fay, Bill Gallagher, Tony Guida, Laura Sherman"
Bill Gallagher,"Bob Fay, Bill Gallagher, Tony Guida, Laura Sherman"
Tony Guida,"Bob Fay, Bill Gallagher, Tony Guida, Laura Sherman"
Lau,"Bob Fay, Bill Gallagher, Tony Guida, Laura Sherman"
Meredith Kirby,"Meredith Kirby, Diego Ramirez"
Diego Ramirez,"Meredith Kirby, Diego Ramirez"
David Freer,David Freer and Bob Fay
Bob Fay,David Freer and Bob Fay
Meredith Kirby,"Meredith Kirby and Bob Fay, David Freer"
Bob Fay,"Meredith Kirby and Bob Fay, David Freer"
David Freer,"Meredith Kirby and Bob Fay, David Freer"
Bob Fay,"Bob Fay, David Freer, Tom Heinan, Nick Makar, Davi"
David Freer,"Bob Fay, David Freer, Tom Heinan, Nick Makar, Davi"
Tom Heinan,"Bob Fay, David Freer, Tom Heinan, Nick Makar, Davi"
Nick M,"Bob Fay, David Freer, Tom Heinan, Nick Makar, Davi"
Jack Enright,"Jack Enright, Bob Fay, Bill Gallagher, Tony Guida,"
Bob Fay,"Jack Enright, Bob Fay, Bill Gallagher, Tony Guida,"
Bill Gallagher,"Jack Enright, Bob Fay, Bill Gallagher, Tony Guida,"
T,"Jack Enright, Bob Fay, Bill Gallagher, Tony Guida,"
Jack Enright,"Jack Enright, Gene Sweeney, Diego Ramirez & Angela"
Gene Sweeney,"Jack Enright, Gene Sweeney, Diego Ramirez & Angela"
Diego Ramire,"Jack Enright, Gene Sweeney, Diego Ramirez & Angela"
Bill Gallagher,"Bill Gallagher, David Dolan, Bob Fay, Mick Makar,"
David Dolan,"Bill Gallagher, David Dolan, Bob Fay, Mick Makar,"
Bob Fay,"Bill Gallagher, David Dolan, Bob Fay, Mick Makar,"
Mi,"Bill Gallagher, David Dolan, Bob Fay, Mick Makar,"
Janelle Gren,Janelle Gren and Matt Thornblad
Matt Thornblad,Janelle Gren and Matt Thornblad
Stephen Gardner,"Stephen Gardner, Melissa Porter, Betsy McDonnell a"
Melissa Porter,"Stephen Gardner, Melissa Porter, Betsy McDonnell a"
Betsy M,"Stephen Gardner, Melissa Porter, Betsy McDonnell a"
Christopher Bond,"Bond, Christopher S. (Kit)"
Neil Routman,"Neil Routman, Chad Hope, Young-joe Yun"
Chad Hope,"Neil Routman, Chad Hope, Young-joe Yun"
Young-joe Yun,"Neil Routman, Chad Hope, Young-joe Yun"
Neil Routman,"Neil Routman, Ines Ha, Deborah Kim"
Ines Ha,"Neil Routman, Ines Ha, Deborah Kim"
Deborah Kim,"Neil Routman, Ines Ha, Deborah Kim"
Julia Cunico,"Julia Cunico, Lee Chan-ho"
Lee Chan-ho,"Julia Cunico, Lee Chan-ho"
Hawon Lee,"Hawon Lee, Chosun Ilbo"
Chosun Ilbo,"Hawon Lee, Chosun Ilbo"
Lee Tae-sik,"Lee Tae-sik, Alexander Vershbow"
Alexander Vershbow,"Lee Tae-sik, Alexander Vershbow"
Nancy Lindborg,"Nancy Lindborg, Karin Lee"
Karin Lee,"Nancy Lindborg, Karin Lee"
David Steinberg,"David Steinberg, Yoon-shik Park, Sukhan Kim, Choi"
Yoon-shik Park,"David Steinberg, Yoon-shik Park, Sukhan Kim, Choi"
Sukhan,"David Steinberg, Yoon-shik Park, Sukhan Kim, Choi"
David Steinberg,"David Steinberg, Yoon-shik Park, Sukhan Kim"
Yoon-shik Park,"David Steinberg, Yoon-shik Park, Sukhan Kim"
Sukhan,"David Steinberg, Yoon-shik Park, Sukhan Kim"
Kim Jin-hyun,"Kim Jin-hyun, Choi Hyung-Du, Munhwa Ilbo"
Choi Hyung-Du,"Kim Jin-hyun, Choi Hyung-Du, Munhwa Ilbo"
Munhwa Ilbo,"Kim Jin-hyun, Choi Hyung-Du, Munhwa Ilbo"
McCormick,David H. McCormick
Mr.,Mr. and Mrs. Chang
Mrs. Chang,Mr. and Mrs. Chang
Michael Kaplan,"Michael Kaplan, Greg Berger"
Greg Berger,"Michael Kaplan, Greg Berger"
Kishen Rajan,"Kishen Rajan, Yoon Deok-Ryong"
Yoon Deok-Ryong,"Kishen Rajan, Yoon Deok-Ryong"
Nicole Bailis,"Nicole Bailis, Johns Hopkins"
Johns Hopkins,"Nicole Bailis, Johns Hopkins"
Aileen Chang,"Aileen Chang, Kevin Scott, Jiyoung Song"
Kevin Scott,"Aileen Chang, Kevin Scott, Jiyoung Song"
Jiyoung Song,"Aileen Chang, Kevin Scott, Jiyoung Song"
Yun Youngjoe,"Yun Youngjoe, Neil Routman, Nate Adler"
Neil Routman,"Yun Youngjoe, Neil Routman, Nate Adler"
Nate Adler,"Yun Youngjoe, Neil Routman, Nate Adler"
Dongman Han,"Dongman Han, Changsoo Ryu, Bob Reis, Sean Connell,"
Changsoo Ryu,"Dongman Han, Changsoo Ryu, Bob Reis, Sean Connell,"
Bob Reis,"Dongman Han, Changsoo Ryu, Bob Reis, Sean Connell,"
Sea,"Dongman Han, Changsoo Ryu, Bob Reis, Sean Connell,"
Bernard Swiecki,"Bernard Swiecki, Dan Malone"
Dan Malone,"Bernard Swiecki, Dan Malone"
Sean Connell,"Sean Connell, Jordan Heiber"
Jordan Heiber,"Sean Connell, Jordan Heiber"
Sean Connell,"Sean Connell, Bob Reis, Dongman Han, Changsoo Ryu,"
Bob Reis,"Sean Connell, Bob Reis, Dongman Han, Changsoo Ryu,"
Dongman Han,"Sean Connell, Bob Reis, Dongman Han, Changsoo Ryu,"
Cha,"Sean Connell, Bob Reis, Dongman Han, Changsoo Ryu,"
Jaryd,"Melancon, Charlie"
Steve Pfrang,"Thompson, Bennie G."
Vito Fossella,"Thompson, Bennie G."
Mike Dunlap,"Thompson, Bennie G."
Claude Barfield,"Claude Barfield, Philip Levy"
Philip Levy,"Claude Barfield, Philip Levy"
Steve Pfrang,"Thompson, Bennie G."
Vito Fossella,"Thompson, Bennie G."
Mike Dunlap,"Thompson, Bennie G."
Jeff Dutton,"Jeff Dutton, Joshua Pierce"
Joshua Pierce,"Jeff Dutton, Joshua Pierce"
Sean Connell,"Sean Connell, Jordan Heiber"
Jordan Heiber,"Sean Connell, Jordan Heiber"
Sean Connell,"Sean Connell, Bruce Klingner, Anthony Kim"
Bruce Klingner,"Sean Connell, Bruce Klingner, Anthony Kim"
Anthony Ki,"Sean Connell, Bruce Klingner, Anthony Kim"
Daniel Smith,"Daniel Smith, Howrey Simon"
Howrey Simon,"Daniel Smith, Howrey Simon"
Greg Berger,"Greg Berger, Michael Kaplan"
Michael Kaplan,"Greg Berger, Michael Kaplan"
Susan C. Hulton,"Susan C. Hulton, Shin Umezu"
Shin Umezu,"Susan C. Hulton, Shin Umezu"
Melissa Clegg-Tripp,"Melissa Clegg-Tripp, Terry Netos"
Terry Netos,"Melissa Clegg-Tripp, Terry Netos"
Ms. Beth Knox,Beth Knox and Ms. Rhonda Watts
Ms. Rhonda Watts,Beth Knox and Ms. Rhonda Watts
Ms. Helen Hunt,"Helen Hunt, Mr. Jeffrey Gilday"
Mr. Jeffrey Gilday,"Helen Hunt, Mr. Jeffrey Gilday"
Mr. Toshimichi Moriwaki,"Toshimichi Moriwaki, Ms. Joanne Lee"
Ms. Joanne Lee,"Toshimichi Moriwaki, Ms. Joanne Lee"
Ms. Gail Tarleton,"Gail Tarleton, Ms. JoAnn Lee"
Ms. JoAnn Lee,"Gail Tarleton, Ms. JoAnn Lee"
Bruce Harrell,"Bruce Harrell, Dr. Keith Orton"
Dr. Keith Orton,"Bruce Harrell, Dr. Keith Orton"
Mr. Glen Yaguchi,Glen Yaguchi and Ms. Suzanne Geoff
Ms. Suzanne Geoff,Glen Yaguchi and Ms. Suzanne Geoff
Rhonda Watt,"Rhonda Watt, Beth Knox"
Beth Knox,"Rhonda Watt, Beth Knox"
Mr. David Briel,"David Briel, Ms. Nancy Gilboy"
Ms. Nancy Gilboy,"David Briel, Ms. Nancy Gilboy"
Mr. Steven Hill,"Steven Hill, Ms. Teresa Mach"
Ms. Teresa Mach,"Steven Hill, Ms. Teresa Mach"
Yoshitaka Yasufuku,"Yoshitaka Yasufuku, Hironobu Kubota"
Hironobu Kubota,"Yoshitaka Yasufuku, Hironobu Kubota"
Queen Miwa Wakabayashi,Queen Miwa Wakabayashi and Mr & Ms Imai
Mr & Ms Imai,Queen Miwa Wakabayashi and Mr & Ms Imai
Kozo Okuno,"Kozo Okuno, Tay Yoshitani"
Tay Yoshitani,"Kozo Okuno, Tay Yoshitani"
Mr. David Briel,"David Briel, Ms. Nancy Gilboy"
Ms. Nancy Gilboy,"David Briel, Ms. Nancy Gilboy"
Ms. Beth Knox,Beth Knox and Ms. Rhonda Watt
Ms. Rhonda Watt,Beth Knox and Ms. Rhonda Watt
Ms. Diana Parker,Diana Parker and Ms. JoAnne Lee
Ms. JoAnne Lee,Diana Parker and Ms. JoAnne Lee
Tomoko Miwa,"Tomoko Miwa, Rebecca Tokugawa"
Rebecca Tokugawa,"Tomoko Miwa, Rebecca Tokugawa"
Meeks,"Meeks, Gregory W."
Landrieu,"Landrieu, Mary L."
Berman,"Berman, Howard L."
Pelosi,"Pelosi, Nancy"
Reid,"Reid, Harry"
Ed Markey,"Markey, Edward J."
Pelosi,"Pelosi, Nancy"
Paula Dobriansky,"Paula Dobriansky, Joseph Wood"
Joseph Wood,"Paula Dobriansky, Joseph Wood"
Joseph Wood,"Joseph Wood, H.E. Jean-Pierre Mazery, Thomas F. Ca"
H.E. Jean-Pierre Mazery,"Joseph Wood, H.E. Jean-Pierre Mazery, Thomas F. Ca"
Th,"Joseph Wood, H.E. Jean-Pierre Mazery, Thomas F. Ca"
Mr. Tomonori Shibahara,"Tomonori Shibahara, Mr. Ralph Inforzato, Mr. K"
Mr. Ralph Inforz,"Tomonori Shibahara, Mr. Ralph Inforzato, Mr. K"
Mr. Tomonori Shibahara,"Tomonori Shibahara, Mr. Ralph Inforzato"
Mr. Ralph Inforz,"Tomonori Shibahara, Mr. Ralph Inforzato"
Mr. J. Brian Atwood,"J. Brian Atwood, Mr. Dan McElroy, Mr. Robert T"
Mr. Dan McElroy,"J. Brian Atwood, Mr. Dan McElroy, Mr. Robert T"
Mr,"J. Brian Atwood, Mr. Dan McElroy, Mr. Robert T"
Mr. Michael H. Moskow,"Michael H. Moskow, Mr. Yasuo Hayashi, The Hon."
Mr. Yasuo Hayashi,"Michael H. Moskow, Mr. Yasuo Hayashi, The Hon."
Mr. Takashi Tsuchiya,"Takashi Tsuchiya, Mr. Edward Bayham, Mr. Roger"
Mr. Edward Bayham,"Takashi Tsuchiya, Mr. Edward Bayham, Mr. Roger"
Dr. Frazad Moussavi,"Frazad Moussavi, Mr. Chris Schrage"
Mr. Chris Schrage,"Frazad Moussavi, Mr. Chris Schrage"
Mr. Ralph Inforzato,"Ralph Inforzato, Mr. Tomonori Shibahara"
Mr. Tomonori Shibah,"Ralph Inforzato, Mr. Tomonori Shibahara"
Mr. Mamoru Hosoda,"Mamoru Hosoda, Mr. Hitoshi Yazaki"
Mr. Hitoshi Yazaki,"Mamoru Hosoda, Mr. Hitoshi Yazaki"
Yuji Muranaga,"Yuji Muranaga, Yutaka Hayami"
Yutaka Hayami,"Yuji Muranaga, Yutaka Hayami"
Raymond Bachad,"Raymond Bachad, Gerald Tremblay"
Gerald Tremblay,"Raymond Bachad, Gerald Tremblay"
Raymond Bachand,"Raymond Bachand, Gerald Tremblay"
Gerald Tremblay,"Raymond Bachand, Gerald Tremblay"
Monique Gagnon-Tremblay,"Monique Gagnon-Tremblay, Janet Napolitano, Jan Les"
Janet Napolitan,"Monique Gagnon-Tremblay, Janet Napolitano, Jan Les"
Raymond Bachand,"Raymond Bachand, Gerald Tremblay"
Gerald Tremblay,"Raymond Bachand, Gerald Tremblay"
Monique Gagnon-Tremblay,"Monique Gagnon-Tremblay, Janet Napolitano, Jan Les"
Janet Napolitan,"Monique Gagnon-Tremblay, Janet Napolitano, Jan Les"
Harrier Hendler,"Harrier Hendler, Morell"
Morell,"Harrier Hendler, Morell"
Elizabeth Estrada,"Elizabeth Estrada, Bernstein"
Bernstein,"Elizabeth Estrada, Bernstein"
Sally Kennedy,"Sally Kennedy, Krista Jones, Christian Quenneville"
Krista Jones,"Sally Kennedy, Krista Jones, Christian Quenneville"
Christian Q,"Sally Kennedy, Krista Jones, Christian Quenneville"
Fred Cohen,"Fred Cohen, Thelen Reid Brown Rayman & Steiner"
Thelen Reid Brown Rayman & S,"Fred Cohen, Thelen Reid Brown Rayman & Steiner"
Tobias Heller,"Tobias Heller, Bruce Fowle"
Bruce Fowle,"Tobias Heller, Bruce Fowle"
Erick Richer La Fleche,"Erick Richer La Fleche, Pierre Setlakwe, Stickeman"
Pierre Setlakwe,"Erick Richer La Fleche, Pierre Setlakwe, Stickeman"
Francoise Bertrand,"Francoise Bertrand, Raymond Chretien, Fasken Marti"
Raymond Chretien,"Francoise Bertrand, Raymond Chretien, Fasken Marti"
Fa,"Francoise Bertrand, Raymond Chretien, Fasken Marti"
Ed Reinfurt,"Ed Reinfurt, Jason Doling"
Jason Doling,"Ed Reinfurt, Jason Doling"
Charles Whatley,"Charles Whatley, Susan McCrae"
Susan McCrae,"Charles Whatley, Susan McCrae"
Georgia Lee,"Georgia Lee, Milton Crane, Ben Belton"
Milton Crane,"Georgia Lee, Milton Crane, Ben Belton"
Ben Belton,"Georgia Lee, Milton Crane, Ben Belton"
Milton Crane,"Milton Crane, Georgia Lee"
Georgia Lee,"Milton Crane, Georgia Lee"
Yelena Epova,"Yelena Epova, John Woodward, Juliette Colon"
John Woodward,"Yelena Epova, John Woodward, Juliette Colon"
Juliette Co,"Yelena Epova, John Woodward, Juliette Colon"
Rebekah Hahn,Rebekah Hahn and Oliver Moss
Oliver Moss,Rebekah Hahn and Oliver Moss
Sonny Perdue,Sonny Perdue and Casey Cagle
Casey Cagle,Sonny Perdue and Casey Cagle
Brian Oak,"Brian Oak, Chris Young"
Chris Young,"Brian Oak, Chris Young"
Ted Kennedy,"Kennedy, Edward M."
Raymond Bachand,"Raymond Bachand, Gerald Tremblay,"
Gerald Tremblay,"Raymond Bachand, Gerald Tremblay,"
Monique Gagnon-Tremblay,"Monique Gagnon-Tremblay, Janet Napolitano, Jan Les"
Janet Napolitan,"Monique Gagnon-Tremblay, Janet Napolitano, Jan Les"
Schwarzenegger,Arnold Schwarzenegger
Raymond Bachand,"Raymond Bachand, Gerald Tremblay"
Gerald Tremblay,"Raymond Bachand, Gerald Tremblay"
Monique Gagnon-Tremblay,"Monique Gagnon-Tremblay, Janet Napolitano, Jan Les"
Janet Napolitan,"Monique Gagnon-Tremblay, Janet Napolitano, Jan Les"
Heather Munroe-Blum,"Heather Munroe-Blum, McGill"
McGill,"Heather Munroe-Blum, McGill"
Harvey Goldblatt,"Harvey Goldblatt, Connie McDermott, Sharon Straka,"
Connie McDermott,"Harvey Goldblatt, Connie McDermott, Sharon Straka,"
Shar,"Harvey Goldblatt, Connie McDermott, Sharon Straka,"
Mr. David Archibald,"David Archibald, Mr. Doug Nord, Mr. Stephen Bl"
Mr. Doug Nord,"David Archibald, Mr. Doug Nord, Mr. Stephen Bl"
Mr.,"David Archibald, Mr. Doug Nord, Mr. Stephen Bl"
Mr. Alan Snyder,Alan Snyder and Ms. Maryanne Rude
Ms. Maryanne Rude,Alan Snyder and Ms. Maryanne Rude
Mr. Marcus Kraker,Marcus Kraker and Mr. Shawn Bullard
Mr. Shawn Bullard,Marcus Kraker and Mr. Shawn Bullard
Ms. Scotty Greenwood,Scotty Greenwood and Ms. Jennifer Morris
Ms. Jennifer Mo,Scotty Greenwood and Ms. Jennifer Morris
Dr. David Heyman,"David Heyman, Dr. Christopher Sands, Mr. Ethan"
Dr. Christopher Sands,"David Heyman, Dr. Christopher Sands, Mr. Ethan"
Mr. Carl Ek,Carl Ek and Mr. Stephen Clarke
Mr. Stephen Clarke,Carl Ek and Mr. Stephen Clarke
Mr. Derek Douglas,Derek Douglas and Mr. Alan Snyder
Mr. Alan Snyder,Derek Douglas and Mr. Alan Snyder
Ms. Maryanne Rude,"Maryanne Rude, Ms. Micheline Mendelsohn"
Ms. Micheline Mendels,"Maryanne Rude, Ms. Micheline Mendelsohn"
Mr. Peter Stephens,"Peter Stephens, Mr. Ed Grefe"
Mr. Ed Grefe,"Peter Stephens, Mr. Ed Grefe"
Dr. David Heyman,"David Heyman, Mr. Ethan Wais, Ms. Tanya Primia"
Mr. Ethan Wais,"David Heyman, Mr. Ethan Wais, Ms. Tanya Primia"
Ms. Ta,"David Heyman, Mr. Ethan Wais, Ms. Tanya Primia"
Raymond Chretien,"Raymond Chretien, Mr. Steve Kaplanasky, Mrs. Diana"
Mr. Steve Kaplanasky,"Raymond Chretien, Mr. Steve Kaplanasky, Mrs. Diana"
Mr. Paul Desmarais III,"Paul Desmarais III, Mr. Marc Andre Nantais, Ms"
Mr. Marc Andre N,"Paul Desmarais III, Mr. Marc Andre Nantais, Ms"
Jean Charest,"Jean Charest, Gordon Giffin, Mr. Erik Schatzker, M"
Gordon Giffin,"Jean Charest, Gordon Giffin, Mr. Erik Schatzker, M"
Mr. Erik Sc,"Jean Charest, Gordon Giffin, Mr. Erik Schatzker, M"
John Edwards,"John Edwards, Rudy Giuliani"
Rudy Giuliani,"John Edwards, Rudy Giuliani"
Mr. Jeffrey Mandel,"Jeffrey Mandel, Mr. Colin R. Knudsen, Mr. Paul"
Mr. Colin R. Knudsen,"Jeffrey Mandel, Mr. Colin R. Knudsen, Mr. Paul"
Mr. Noel V. Lateef,"Noel V. Lateef, Mr. Pierre Marc Johnson, Heena"
Mr. Pierre Marc John,"Noel V. Lateef, Mr. Pierre Marc Johnson, Heena"
Mr. Michel Tremblay,"Michel Tremblay, Mr. Andrew Proctor, Mr. Ian M"
Mr. Andrew Proctor,"Michel Tremblay, Mr. Andrew Proctor, Mr. Ian M"
Carlson Tucker,"Carlson Tucker, James Carvill, Arianna Huffington"
James Carvill,"Carlson Tucker, James Carvill, Arianna Huffington"
Arianna H,"Carlson Tucker, James Carvill, Arianna Huffington"
Mrs. Monique Jerome-Forget,"Monique Jerome-Forget, Mr. Jean Houde, Mr. Be"
Mr. Jean Hou,"Monique Jerome-Forget, Mr. Jean Houde, Mr. Be"
Mr. Marty Mack,"Marty Mack, Eliot Spitzer"
Eliot Spitzer,"Marty Mack, Eliot Spitzer"
Mr. Marty Mack,"Marty Mack, Eliot Spitzer"
Eliot Spitzer,"Marty Mack, Eliot Spitzer"
Mr. Rod Gilbert,"Rod Gilbert, Mr. Paul Badeski, Mr. Paul Levesq"
Mr. Paul Badeski,"Rod Gilbert, Mr. Paul Badeski, Mr. Paul Levesq"
Mr. P,"Rod Gilbert, Mr. Paul Badeski, Mr. Paul Levesq"
Mr. Israel Martinez,"Israel Martinez, Mr. Michael D. Moon"
Mr. Michael D. Moon,"Israel Martinez, Mr. Michael D. Moon"
Mrs. Madeleine Monette,"Madeleine Monette, Thomas Spears"
Thomas Spears,"Madeleine Monette, Thomas Spears"
Mr. Gregory Bedrosian,"Gregory Bedrosian, Mr. Daniel R. Flannery, Mr."
Mr. Daniel R. Fla,"Gregory Bedrosian, Mr. Daniel R. Flannery, Mr."
Mrs. Madeleine Monette,"Madeleine Monette, Mrs. Nicole Blades, Mrs. M"
Mrs. Nicole Blad,"Madeleine Monette, Mrs. Nicole Blades, Mrs. M"
Mr. Michael Balboni,Michael Balboni and Mr. Michael Zotto
Mr. Michael Zott,Michael Balboni and Mr. Michael Zotto
Mr. Bob Gainey,"Bob Gainey, Mr. Paul Levesque, Mr. Jason Cawle"
Mr. Paul Levesque,"Bob Gainey, Mr. Paul Levesque, Mr. Jason Cawle"
Mr. J,"Bob Gainey, Mr. Paul Levesque, Mr. Jason Cawle"
Mrs. Carolina Gallo Lafleche,"Carolina Gallo Lafleche, Mr. Morgan Gallo Laf"
Mr. Morgan,"Carolina Gallo Lafleche, Mr. Morgan Gallo Laf"
Ms Yodon Thonden,Yodon Thonden and Mr. Lobsang Nyendak
Mr. Lobsang Nyendak,Yodon Thonden and Mr. Lobsang Nyendak
Mrs. Louise Blouin MacBan,Louise Blouin MacBan and her assistant
her assist,Louise Blouin MacBan and her assistant
Rato Khyongla Rinpoche,Rato Khyongla Rinpoche and the President of the Li
the President,Rato Khyongla Rinpoche and the President of the Li
